CREATE DATABASE  IF NOT EXISTS `vtrdata` /*!40100 DEFAULT CHARACTER SET latin1 */;
USE `vtrdata`;
-- MySQL dump 10.13  Distrib 5.6.17, for Win32 (x86)
--
-- Host: 127.0.0.1    Database: vtrdata
-- ------------------------------------------------------
-- Server version	5.6.16

/*!40101 SET @OLD_CHARACTER_SET_CLIENT=@@CHARACTER_SET_CLIENT */;
/*!40101 SET @OLD_CHARACTER_SET_RESULTS=@@CHARACTER_SET_RESULTS */;
/*!40101 SET @OLD_COLLATION_CONNECTION=@@COLLATION_CONNECTION */;
/*!40101 SET NAMES utf8 */;
/*!40103 SET @OLD_TIME_ZONE=@@TIME_ZONE */;
/*!40103 SET TIME_ZONE='+00:00' */;
/*!40014 SET @OLD_UNIQUE_CHECKS=@@UNIQUE_CHECKS, UNIQUE_CHECKS=0 */;
/*!40014 SET @OLD_FOREIGN_KEY_CHECKS=@@FOREIGN_KEY_CHECKS, FOREIGN_KEY_CHECKS=0 */;
/*!40101 SET @OLD_SQL_MODE=@@SQL_MODE, SQL_MODE='NO_AUTO_VALUE_ON_ZERO' */;
/*!40111 SET @OLD_SQL_NOTES=@@SQL_NOTES, SQL_NOTES=0 */;

--
-- Table structure for table `cliente`
--

DROP TABLE IF EXISTS `cliente`;
/*!40101 SET @saved_cs_client     = @@character_set_client */;
/*!40101 SET character_set_client = utf8 */;
CREATE TABLE `cliente` (
  `numero_cliente` varchar(20) NOT NULL,
  PRIMARY KEY (`numero_cliente`),
  UNIQUE KEY `numero_cliente` (`numero_cliente`)
) ENGINE=InnoDB DEFAULT CHARSET=latin1 PACK_KEYS=0;
/*!40101 SET character_set_client = @saved_cs_client */;

--
-- Dumping data for table `cliente`
--

LOCK TABLES `cliente` WRITE;
/*!40000 ALTER TABLE `cliente` DISABLE KEYS */;
INSERT INTO `cliente` VALUES ('111-1'),('222-2'),('333-3'),('444-4'),('555-5'),('666-6');
/*!40000 ALTER TABLE `cliente` ENABLE KEYS */;
UNLOCK TABLES;

--
-- Table structure for table `cliente_producto`
--

DROP TABLE IF EXISTS `cliente_producto`;
/*!40101 SET @saved_cs_client     = @@character_set_client */;
/*!40101 SET character_set_client = utf8 */;
CREATE TABLE `cliente_producto` (
  `id` int(11) NOT NULL AUTO_INCREMENT,
  `id_cliente` varchar(20) NOT NULL,
  `id_producto` int(11) NOT NULL,
  `id_mes` int(11) DEFAULT NULL,
  `monto` bigint(20) DEFAULT NULL,
  `numero_telefonico` varchar(20) DEFAULT NULL,
  PRIMARY KEY (`id`),
  KEY `id_cliente` (`id_cliente`),
  KEY `id_producto` (`id_producto`),
  KEY `id_mes` (`id_mes`),
  CONSTRAINT `cliente_producto_fk1` FOREIGN KEY (`id_cliente`) REFERENCES `cliente` (`numero_cliente`),
  CONSTRAINT `cliente_producto_fk2` FOREIGN KEY (`id_producto`) REFERENCES `producto` (`id`),
  CONSTRAINT `cliente_producto_fk3` FOREIGN KEY (`id_mes`) REFERENCES `mes` (`id`)
) ENGINE=InnoDB AUTO_INCREMENT=397 DEFAULT CHARSET=latin1 PACK_KEYS=0;
/*!40101 SET character_set_client = @saved_cs_client */;

--
-- Dumping data for table `cliente_producto`
--

LOCK TABLES `cliente_producto` WRITE;
/*!40000 ALTER TABLE `cliente_producto` DISABLE KEYS */;
INSERT INTO `cliente_producto` VALUES (265,'111-1',2,7,10000,'12345678'),(266,'111-1',1,7,10000,'12345679'),(267,'222-2',2,7,20000,'12345680'),(268,'222-2',1,7,30000,'12345681'),(269,'333-3',2,7,40000,'12345682'),(270,'333-3',1,7,50000,'12345683'),(271,'333-3',2,7,60000,'12345684'),(272,'333-3',1,7,70000,'12345685'),(273,'444-4',2,7,10000,'12345686'),(274,'444-4',1,7,20000,'12345687'),(275,'444-4',2,7,30000,'12345688'),(276,'444-4',1,7,40000,'12345689'),(277,'444-4',2,7,50000,'12345690'),(278,'555-5',1,7,60000,'12345691'),(279,'555-5',2,7,70000,'12345692'),(280,'555-5',1,7,10000,'12345693'),(281,'555-5',2,7,20000,'12345694'),(282,'666-6',1,7,30000,'12345695'),(283,'666-6',2,7,40000,'12345696'),(284,'666-6',1,7,50000,'12345697'),(285,'666-6',2,7,60000,'12345698'),(286,'666-6',1,7,70000,'12345699'),(287,'111-1',2,6,9000,'12345678'),(288,'111-1',1,6,9000,'12345679'),(289,'222-2',2,6,19000,'12345680'),(290,'222-2',1,6,29000,'12345681'),(291,'333-3',2,6,39000,'12345682'),(292,'333-3',1,6,49000,'12345683'),(293,'333-3',2,6,59000,'12345684'),(294,'333-3',1,6,69000,'12345685'),(295,'444-4',2,6,9000,'12345686'),(296,'444-4',1,6,19000,'12345687'),(297,'444-4',2,6,29000,'12345688'),(298,'444-4',1,6,39000,'12345689'),(299,'444-4',2,6,49000,'12345690'),(300,'555-5',1,6,59000,'12345691'),(301,'555-5',2,6,69000,'12345692'),(302,'555-5',1,6,9000,'12345693'),(303,'555-5',2,6,19000,'12345694'),(304,'666-6',1,6,29000,'12345695'),(305,'666-6',2,6,39000,'12345696'),(306,'666-6',1,6,49000,'12345697'),(307,'666-6',2,6,59000,'12345698'),(308,'666-6',1,6,69000,'12345699'),(309,'111-1',2,5,8000,'12345678'),(310,'111-1',1,5,8000,'12345679'),(311,'222-2',2,5,18000,'12345680'),(312,'222-2',1,5,28000,'12345681'),(313,'333-3',2,5,38000,'12345682'),(314,'333-3',1,5,48000,'12345683'),(315,'333-3',2,5,58000,'12345684'),(316,'333-3',1,5,68000,'12345685'),(317,'444-4',2,5,8000,'12345686'),(318,'444-4',1,5,18000,'12345687'),(319,'444-4',2,5,28000,'12345688'),(320,'444-4',1,5,38000,'12345689'),(321,'444-4',2,5,48000,'12345690'),(322,'555-5',1,5,58000,'12345691'),(323,'555-5',2,5,68000,'12345692'),(324,'555-5',1,5,8000,'12345693'),(325,'555-5',2,5,18000,'12345694'),(326,'666-6',1,5,28000,'12345695'),(327,'666-6',2,5,38000,'12345696'),(328,'666-6',1,5,48000,'12345697'),(329,'666-6',2,5,58000,'12345698'),(330,'666-6',1,5,68000,'12345699'),(331,'111-1',2,4,7000,'12345678'),(332,'111-1',1,4,7000,'12345679'),(333,'222-2',2,4,17000,'12345680'),(334,'222-2',1,4,27000,'12345681'),(335,'333-3',2,4,37000,'12345682'),(336,'333-3',1,4,47000,'12345683'),(337,'333-3',2,4,57000,'12345684'),(338,'333-3',1,4,67000,'12345685'),(339,'444-4',2,4,7000,'12345686'),(340,'444-4',1,4,17000,'12345687'),(341,'444-4',2,4,27000,'12345688'),(342,'444-4',1,4,37000,'12345689'),(343,'444-4',2,4,47000,'12345690'),(344,'555-5',1,4,57000,'12345691'),(345,'555-5',2,4,67000,'12345692'),(346,'555-5',1,4,7000,'12345693'),(347,'555-5',2,4,17000,'12345694'),(348,'666-6',1,4,27000,'12345695'),(349,'666-6',2,4,37000,'12345696'),(350,'666-6',1,4,47000,'12345697'),(351,'666-6',2,4,57000,'12345698'),(352,'666-6',1,4,67000,'12345699'),(353,'111-1',2,3,6000,'12345678'),(354,'111-1',1,3,6000,'12345679'),(355,'222-2',2,3,16000,'12345680'),(356,'222-2',1,3,26000,'12345681'),(357,'333-3',2,3,36000,'12345682'),(358,'333-3',1,3,46000,'12345683'),(359,'333-3',2,3,56000,'12345684'),(360,'333-3',1,3,66000,'12345685'),(361,'444-4',2,3,6000,'12345686'),(362,'444-4',1,3,16000,'12345687'),(363,'444-4',2,3,26000,'12345688'),(364,'444-4',1,3,36000,'12345689'),(365,'444-4',2,3,46000,'12345690'),(366,'555-5',1,3,56000,'12345691'),(367,'555-5',2,3,66000,'12345692'),(368,'555-5',1,3,6000,'12345693'),(369,'555-5',2,3,16000,'12345694'),(370,'666-6',1,3,26000,'12345695'),(371,'666-6',2,3,36000,'12345696'),(372,'666-6',1,3,46000,'12345697'),(373,'666-6',2,3,56000,'12345698'),(374,'666-6',1,3,66000,'12345699'),(375,'111-1',2,2,5000,'12345678'),(376,'111-1',1,2,5000,'12345679'),(377,'222-2',2,2,15000,'12345680'),(378,'222-2',1,2,25000,'12345681'),(379,'333-3',2,2,35000,'12345682'),(380,'333-3',1,2,45000,'12345683'),(381,'333-3',2,2,55000,'12345684'),(382,'333-3',1,2,65000,'12345685'),(383,'444-4',2,2,5000,'12345686'),(384,'444-4',1,2,15000,'12345687'),(385,'444-4',2,2,25000,'12345688'),(386,'444-4',1,2,35000,'12345689'),(387,'444-4',2,2,45000,'12345690'),(388,'555-5',1,2,55000,'12345691'),(389,'555-5',2,2,65000,'12345692'),(390,'555-5',1,2,5000,'12345693'),(391,'555-5',2,2,15000,'12345694'),(392,'666-6',1,2,25000,'12345695'),(393,'666-6',2,2,35000,'12345696'),(394,'666-6',1,2,45000,'12345697'),(395,'666-6',2,2,55000,'12345698'),(396,'666-6',1,2,65000,'12345699');
/*!40000 ALTER TABLE `cliente_producto` ENABLE KEYS */;
UNLOCK TABLES;

--
-- Table structure for table `mes`
--

DROP TABLE IF EXISTS `mes`;
/*!40101 SET @saved_cs_client     = @@character_set_client */;
/*!40101 SET character_set_client = utf8 */;
CREATE TABLE `mes` (
  `id` int(11) NOT NULL AUTO_INCREMENT,
  `mes` varchar(30) DEFAULT NULL,
  `year` int(11) DEFAULT NULL,
  PRIMARY KEY (`id`)
) ENGINE=InnoDB AUTO_INCREMENT=13 DEFAULT CHARSET=latin1 PACK_KEYS=0;
/*!40101 SET character_set_client = @saved_cs_client */;

--
-- Dumping data for table `mes`
--

LOCK TABLES `mes` WRITE;
/*!40000 ALTER TABLE `mes` DISABLE KEYS */;
INSERT INTO `mes` VALUES (1,'ENERO',2014),(2,'FEBRERO',2014),(3,'MARZO',2014),(4,'ABRIL',2014),(5,'MAYO',2014),(6,'JUNIO',2014),(7,'JULIO',2014),(8,'AGOSTO',2014),(9,'SEPTIEMBRE',2014),(10,'OCTUBRE',2014),(11,'NOVIEMBRE',2014),(12,'DICIEMBRE',2014);
/*!40000 ALTER TABLE `mes` ENABLE KEYS */;
UNLOCK TABLES;

--
-- Table structure for table `producto`
--

DROP TABLE IF EXISTS `producto`;
/*!40101 SET @saved_cs_client     = @@character_set_client */;
/*!40101 SET character_set_client = utf8 */;
CREATE TABLE `producto` (
  `id` int(11) NOT NULL AUTO_INCREMENT,
  `nombre` varchar(20) DEFAULT NULL,
  PRIMARY KEY (`id`)
) ENGINE=InnoDB AUTO_INCREMENT=3 DEFAULT CHARSET=latin1 PACK_KEYS=0;
/*!40101 SET character_set_client = @saved_cs_client */;

--
-- Dumping data for table `producto`
--

LOCK TABLES `producto` WRITE;
/*!40000 ALTER TABLE `producto` DISABLE KEYS */;
INSERT INTO `producto` VALUES (1,'BAM'),(2,'MOVIL');
/*!40000 ALTER TABLE `producto` ENABLE KEYS */;
UNLOCK TABLES;
/*!40103 SET TIME_ZONE=@OLD_TIME_ZONE */;

/*!40101 SET SQL_MODE=@OLD_SQL_MODE */;
/*!40014 SET FOREIGN_KEY_CHECKS=@OLD_FOREIGN_KEY_CHECKS */;
/*!40014 SET UNIQUE_CHECKS=@OLD_UNIQUE_CHECKS */;
/*!40101 SET CHARACTER_SET_CLIENT=@OLD_CHARACTER_SET_CLIENT */;
/*!40101 SET CHARACTER_SET_RESULTS=@OLD_CHARACTER_SET_RESULTS */;
/*!40101 SET COLLATION_CONNECTION=@OLD_COLLATION_CONNECTION */;
/*!40111 SET SQL_NOTES=@OLD_SQL_NOTES */;

-- Dump completed on 2014-07-24 18:36:39
