CREATE DATABASE  IF NOT EXISTS `vtrdata` /*!40100 DEFAULT CHARACTER SET utf8 */;
USE `vtrdata`;
-- MySQL dump 10.13  Distrib 5.6.17, for Win32 (x86)
--
-- Host: 127.0.0.1    Database: vtrdata
-- ------------------------------------------------------
-- Server version	5.6.20

/*!40101 SET @OLD_CHARACTER_SET_CLIENT=@@CHARACTER_SET_CLIENT */;
/*!40101 SET @OLD_CHARACTER_SET_RESULTS=@@CHARACTER_SET_RESULTS */;
/*!40101 SET @OLD_COLLATION_CONNECTION=@@COLLATION_CONNECTION */;
/*!40101 SET NAMES utf8 */;
/*!40103 SET @OLD_TIME_ZONE=@@TIME_ZONE */;
/*!40103 SET TIME_ZONE='+00:00' */;
/*!40014 SET @OLD_UNIQUE_CHECKS=@@UNIQUE_CHECKS, UNIQUE_CHECKS=0 */;
/*!40014 SET @OLD_FOREIGN_KEY_CHECKS=@@FOREIGN_KEY_CHECKS, FOREIGN_KEY_CHECKS=0 */;
/*!40101 SET @OLD_SQL_MODE=@@SQL_MODE, SQL_MODE='NO_AUTO_VALUE_ON_ZERO' */;
/*!40111 SET @OLD_SQL_NOTES=@@SQL_NOTES, SQL_NOTES=0 */;

--
-- Table structure for table `cliente`
--

DROP TABLE IF EXISTS `cliente`;
/*!40101 SET @saved_cs_client     = @@character_set_client */;
/*!40101 SET character_set_client = utf8 */;
CREATE TABLE `cliente` (
  `id` int(11) NOT NULL AUTO_INCREMENT,
  `numero_cliente` varchar(40) CHARACTER SET latin1 NOT NULL,
  `rut` varchar(20) CHARACTER SET latin1 NOT NULL,
  `tipo` varchar(45) CHARACTER SET latin1 DEFAULT NULL,
  `clave` varchar(70) CHARACTER SET latin1 DEFAULT NULL,
  `remember_token` varchar(100) CHARACTER SET utf8 COLLATE utf8_unicode_ci DEFAULT NULL,
  `created_at` timestamp NOT NULL DEFAULT '0000-00-00 00:00:00',
  `updated_at` timestamp NOT NULL DEFAULT '0000-00-00 00:00:00',
  `deleted_at` timestamp NULL DEFAULT NULL,
  PRIMARY KEY (`id`),
  UNIQUE KEY `numero_cliente` (`numero_cliente`),
  UNIQUE KEY `id` (`id`)
) ENGINE=InnoDB AUTO_INCREMENT=9 DEFAULT CHARSET=utf8 COLLATE=utf8_spanish_ci PACK_KEYS=0;
/*!40101 SET character_set_client = @saved_cs_client */;

--
-- Dumping data for table `cliente`
--

LOCK TABLES `cliente` WRITE;
/*!40000 ALTER TABLE `cliente` DISABLE KEYS */;
INSERT INTO `cliente` VALUES (1,'111-1','111-1','cliente','$2y$10$d91OdwfDpA/o.iHHr0EnyOk47O/bcnr3O5O73.zAeKJ0OV8oJiyji','PXxSkmAoSuc6uup99NFcznIKzHi8lKJbmSUA5MKDLxIEOkpoAKJ7Nt4tt5AQ','0000-00-00 00:00:00','2014-08-14 16:07:37','0000-00-00 00:00:00'),(2,'222-2','222-2','cliente','$2y$10$Vz07kxHPgj9A8LHCfb5d1eQ.2V6dDEYnmqmResEbITM9X5R2G0SBm','VlCYg94tnTfU4D8QqWULd8ree4ZulyLD73YSmDajxD2hBvYVTpoDEJZhH8Vb','0000-00-00 00:00:00','2014-07-30 22:03:49','0000-00-00 00:00:00'),(3,'333-3','333-3','cliente','$2y$10$WppzLxIuuG7eLh5GECfuHeqPVV3pO5bcu89O95v91TafoeM54rdPS','27I2Op4RDpqkOitFy78mg6VNrk9EhEgqWwxXIlpeceQKn7ZuMWymsPkUhjnS','0000-00-00 00:00:00','2014-07-30 17:09:21','0000-00-00 00:00:00'),(4,'444-4','444-4','cliente','$2y$10$u.Isoz3Z6OW6bioynqFD0uKxegGAelNPA5iH6lDISV3JS7S5JP2pW','I7vIKSbVwzdF4cvmx1bq7UK4GR0HGJzSMrYOw7o03Xh5zC3Zn6Q0lzDg9sHx','0000-00-00 00:00:00','2014-08-01 17:29:46','0000-00-00 00:00:00'),(5,'555-5','555-5','cliente','$2y$10$/mNXbS9sQ.GnEeftc5hr1O9/S4bcnPMuJzYmeHzpRvdGZ2JF5XoZG',NULL,'0000-00-00 00:00:00','0000-00-00 00:00:00','0000-00-00 00:00:00'),(6,'666-6','666-6','cliente','$2y$10$osgMCARsLbClyBJ8UWYE7OuENtPYN66.tWjZ03ZKc3jCmXrXCjG7S',NULL,'0000-00-00 00:00:00','0000-00-00 00:00:00','0000-00-00 00:00:00'),(7,'11111-1','11111-1','empresa','$2y$10$OmK8HJZ71bK3TuF.wiRKxeSkoni6qgilvZG6JRCDqQm6ZbNSwiDRm','C0v8swNG0aoxFACNt6apIKBVSqBllIUfXeiuMkHswHgjMyAZhel24aXdkWUt','2014-08-18 20:58:46','2014-08-19 21:00:29','0000-00-00 00:00:00'),(8,'22222-2','22222-2','empresa','$2y$10$l1QvygDcR.sf3sMmjQYReurRP7Q.kzo.qPT37VoinqKXu3yQOMOsW','7Uy2R2865xsxGrk4hsZcjvydU7pZ43Uun1fPdHChXIuUGI03Ta3QrRq0ZBwS','2014-08-18 20:59:01','2014-08-19 20:17:04','0000-00-00 00:00:00');
/*!40000 ALTER TABLE `cliente` ENABLE KEYS */;
UNLOCK TABLES;

--
-- Table structure for table `cliente_preguntas`
--

DROP TABLE IF EXISTS `cliente_preguntas`;
/*!40101 SET @saved_cs_client     = @@character_set_client */;
/*!40101 SET character_set_client = utf8 */;
CREATE TABLE `cliente_preguntas` (
  `id` int(11) NOT NULL AUTO_INCREMENT,
  `id_cliente` int(11) NOT NULL,
  `id_pregunta_respuesta` int(11) NOT NULL,
  `estado` varchar(20) COLLATE utf8_spanish2_ci DEFAULT 'A' COMMENT 'A = activo\r\nB = dado Baja',
  `fecha_ingreso` timestamp NOT NULL DEFAULT CURRENT_TIMESTAMP ON UPDATE CURRENT_TIMESTAMP,
  `created_at` timestamp NOT NULL DEFAULT '0000-00-00 00:00:00',
  `updated_at` timestamp NOT NULL DEFAULT '0000-00-00 00:00:00',
  `deleted_at` timestamp NULL DEFAULT NULL,
  PRIMARY KEY (`id`),
  KEY `id_telefono` (`id_cliente`),
  KEY `id_pregunta_respuesta` (`id_pregunta_respuesta`),
  CONSTRAINT `cliente_preguntas_fk1` FOREIGN KEY (`id_cliente`) REFERENCES `cliente` (`id`),
  CONSTRAINT `telefono_preguntas_fk2` FOREIGN KEY (`id_pregunta_respuesta`) REFERENCES `pregunta_respuesta` (`id`)
) ENGINE=InnoDB AUTO_INCREMENT=28 DEFAULT CHARSET=utf8 COLLATE=utf8_spanish2_ci PACK_KEYS=0;
/*!40101 SET character_set_client = @saved_cs_client */;

--
-- Dumping data for table `cliente_preguntas`
--

LOCK TABLES `cliente_preguntas` WRITE;
/*!40000 ALTER TABLE `cliente_preguntas` DISABLE KEYS */;
INSERT INTO `cliente_preguntas` VALUES (9,7,4,'A','2014-08-18 14:30:12','2014-08-18 14:30:41','2014-08-18 14:30:41',NULL),(24,7,8,'A','2014-08-19 20:40:37','2014-08-19 20:40:37','2014-08-19 20:40:37',NULL),(25,7,10,'A','2014-08-19 20:40:37','2014-08-19 20:40:37','2014-08-19 20:40:37',NULL),(27,7,17,'A','2014-08-19 21:00:39','2014-08-19 21:00:39','2014-08-19 21:00:39',NULL);
/*!40000 ALTER TABLE `cliente_preguntas` ENABLE KEYS */;
UNLOCK TABLES;

--
-- Table structure for table `conv_users`
--

DROP TABLE IF EXISTS `conv_users`;
/*!40101 SET @saved_cs_client     = @@character_set_client */;
/*!40101 SET character_set_client = utf8 */;
CREATE TABLE `conv_users` (
  `conv_id` int(11) NOT NULL,
  `user_id` int(11) NOT NULL,
  PRIMARY KEY (`conv_id`,`user_id`)
) ENGINE=InnoDB DEFAULT CHARSET=utf8 COLLATE=utf8_unicode_ci;
/*!40101 SET character_set_client = @saved_cs_client */;

--
-- Dumping data for table `conv_users`
--

LOCK TABLES `conv_users` WRITE;
/*!40000 ALTER TABLE `conv_users` DISABLE KEYS */;
/*!40000 ALTER TABLE `conv_users` ENABLE KEYS */;
UNLOCK TABLES;

--
-- Table structure for table `migrations`
--

DROP TABLE IF EXISTS `migrations`;
/*!40101 SET @saved_cs_client     = @@character_set_client */;
/*!40101 SET character_set_client = utf8 */;
CREATE TABLE `migrations` (
  `migration` varchar(255) COLLATE utf8_unicode_ci NOT NULL,
  `batch` int(11) NOT NULL
) ENGINE=InnoDB DEFAULT CHARSET=utf8 COLLATE=utf8_unicode_ci;
/*!40101 SET character_set_client = @saved_cs_client */;

--
-- Dumping data for table `migrations`
--

LOCK TABLES `migrations` WRITE;
/*!40000 ALTER TABLE `migrations` DISABLE KEYS */;
INSERT INTO `migrations` VALUES ('2014_07_29_011005_create_users_table',1),('2013_12_10_170130_create_conv_users',2);
/*!40000 ALTER TABLE `migrations` ENABLE KEYS */;
UNLOCK TABLES;

--
-- Table structure for table `pregunta_respuesta`
--

DROP TABLE IF EXISTS `pregunta_respuesta`;
/*!40101 SET @saved_cs_client     = @@character_set_client */;
/*!40101 SET character_set_client = utf8 */;
CREATE TABLE `pregunta_respuesta` (
  `id` int(11) NOT NULL AUTO_INCREMENT,
  `id_pregunta` int(11) NOT NULL,
  `id_respuesta` int(11) NOT NULL,
  `created_at` timestamp NOT NULL DEFAULT '0000-00-00 00:00:00',
  `updated_at` timestamp NOT NULL DEFAULT '0000-00-00 00:00:00',
  `deleted_at` timestamp NULL DEFAULT '0000-00-00 00:00:00',
  PRIMARY KEY (`id`),
  KEY `id_pregunta` (`id_pregunta`),
  KEY `id_respuesta` (`id_respuesta`),
  CONSTRAINT `pregunta_respuesta_fk1` FOREIGN KEY (`id_pregunta`) REFERENCES `preguntas` (`id`),
  CONSTRAINT `pregunta_respuesta_fk2` FOREIGN KEY (`id_respuesta`) REFERENCES `respuestas` (`id`)
) ENGINE=InnoDB AUTO_INCREMENT=19 DEFAULT CHARSET=utf8 COLLATE=utf8_spanish2_ci PACK_KEYS=0;
/*!40101 SET character_set_client = @saved_cs_client */;

--
-- Dumping data for table `pregunta_respuesta`
--

LOCK TABLES `pregunta_respuesta` WRITE;
/*!40000 ALTER TABLE `pregunta_respuesta` DISABLE KEYS */;
INSERT INTO `pregunta_respuesta` VALUES (1,1,1,'0000-00-00 00:00:00','0000-00-00 00:00:00','0000-00-00 00:00:00'),(2,1,2,'0000-00-00 00:00:00','0000-00-00 00:00:00','0000-00-00 00:00:00'),(3,1,3,'0000-00-00 00:00:00','0000-00-00 00:00:00','0000-00-00 00:00:00'),(4,1,4,'0000-00-00 00:00:00','0000-00-00 00:00:00','0000-00-00 00:00:00'),(5,2,1,'0000-00-00 00:00:00','0000-00-00 00:00:00','0000-00-00 00:00:00'),(6,2,2,'0000-00-00 00:00:00','0000-00-00 00:00:00','0000-00-00 00:00:00'),(7,2,3,'0000-00-00 00:00:00','0000-00-00 00:00:00','0000-00-00 00:00:00'),(8,2,4,'0000-00-00 00:00:00','0000-00-00 00:00:00','0000-00-00 00:00:00'),(9,3,1,'0000-00-00 00:00:00','0000-00-00 00:00:00','0000-00-00 00:00:00'),(10,3,2,'0000-00-00 00:00:00','0000-00-00 00:00:00','0000-00-00 00:00:00'),(11,3,3,'0000-00-00 00:00:00','0000-00-00 00:00:00','0000-00-00 00:00:00'),(12,3,4,'0000-00-00 00:00:00','0000-00-00 00:00:00','0000-00-00 00:00:00'),(14,5,1,'0000-00-00 00:00:00','0000-00-00 00:00:00','0000-00-00 00:00:00'),(15,6,2,'0000-00-00 00:00:00','0000-00-00 00:00:00','0000-00-00 00:00:00'),(16,5,2,'0000-00-00 00:00:00','0000-00-00 00:00:00','0000-00-00 00:00:00'),(17,7,1,'0000-00-00 00:00:00','0000-00-00 00:00:00','0000-00-00 00:00:00'),(18,7,2,'0000-00-00 00:00:00','0000-00-00 00:00:00','0000-00-00 00:00:00');
/*!40000 ALTER TABLE `pregunta_respuesta` ENABLE KEYS */;
UNLOCK TABLES;

--
-- Table structure for table `preguntas`
--

DROP TABLE IF EXISTS `preguntas`;
/*!40101 SET @saved_cs_client     = @@character_set_client */;
/*!40101 SET character_set_client = utf8 */;
CREATE TABLE `preguntas` (
  `id` int(11) NOT NULL AUTO_INCREMENT,
  `pregunta` varchar(200) COLLATE utf8_spanish2_ci DEFAULT NULL,
  `estado` char(1) COLLATE utf8_spanish2_ci DEFAULT 'A' COMMENT 'A = activo\r\nB = Dado Baja',
  `created_at` timestamp NOT NULL DEFAULT '0000-00-00 00:00:00',
  `updated_at` timestamp NOT NULL DEFAULT '0000-00-00 00:00:00',
  `deleted_at` timestamp NULL DEFAULT '0000-00-00 00:00:00',
  PRIMARY KEY (`id`)
) ENGINE=InnoDB AUTO_INCREMENT=8 DEFAULT CHARSET=utf8 COLLATE=utf8_spanish2_ci PACK_KEYS=0;
/*!40101 SET character_set_client = @saved_cs_client */;

--
-- Dumping data for table `preguntas`
--

LOCK TABLES `preguntas` WRITE;
/*!40000 ALTER TABLE `preguntas` DISABLE KEYS */;
INSERT INTO `preguntas` VALUES (1,'¿Cómo te gustaría ser contactado para recibir información sobre promociones?','A','0000-00-00 00:00:00','0000-00-00 00:00:00','0000-00-00 00:00:00'),(2,'¿Cómo te gustaría ser contactado para recibir información sobre cambio de planes?','A','0000-00-00 00:00:00','0000-00-00 00:00:00','0000-00-00 00:00:00'),(3,'¿Cómo te gustaría ser contactado para recibir información sobre servicios de empresas?','A','0000-00-00 00:00:00','0000-00-00 00:00:00','0000-00-00 00:00:00'),(5,'¿test?','B','0000-00-00 00:00:00','0000-00-00 00:00:00','0000-00-00 00:00:00'),(6,'¿test2','B','0000-00-00 00:00:00','0000-00-00 00:00:00','0000-00-00 00:00:00'),(7,'aaaaaa','A','0000-00-00 00:00:00','0000-00-00 00:00:00','0000-00-00 00:00:00');
/*!40000 ALTER TABLE `preguntas` ENABLE KEYS */;
UNLOCK TABLES;

--
-- Table structure for table `producto`
--

DROP TABLE IF EXISTS `producto`;
/*!40101 SET @saved_cs_client     = @@character_set_client */;
/*!40101 SET character_set_client = utf8 */;
CREATE TABLE `producto` (
  `id` int(11) NOT NULL AUTO_INCREMENT,
  `nombre` varchar(20) CHARACTER SET latin1 DEFAULT NULL,
  `created_at` timestamp NOT NULL DEFAULT '0000-00-00 00:00:00',
  `updated_at` timestamp NOT NULL DEFAULT '0000-00-00 00:00:00',
  `deleted_at` timestamp NULL DEFAULT '0000-00-00 00:00:00',
  PRIMARY KEY (`id`)
) ENGINE=InnoDB AUTO_INCREMENT=10 DEFAULT CHARSET=utf8 COLLATE=utf8_spanish_ci PACK_KEYS=0;
/*!40101 SET character_set_client = @saved_cs_client */;

--
-- Dumping data for table `producto`
--

LOCK TABLES `producto` WRITE;
/*!40000 ALTER TABLE `producto` DISABLE KEYS */;
INSERT INTO `producto` VALUES (1,'BAM','0000-00-00 00:00:00','0000-00-00 00:00:00','0000-00-00 00:00:00'),(2,'MOVIL','0000-00-00 00:00:00','0000-00-00 00:00:00','0000-00-00 00:00:00'),(3,'PLAN 1','0000-00-00 00:00:00','0000-00-00 00:00:00','0000-00-00 00:00:00'),(4,'PLAN 2','0000-00-00 00:00:00','0000-00-00 00:00:00','0000-00-00 00:00:00'),(5,'PLAN 3','0000-00-00 00:00:00','0000-00-00 00:00:00','0000-00-00 00:00:00'),(6,'PLAN 4','0000-00-00 00:00:00','0000-00-00 00:00:00','0000-00-00 00:00:00'),(7,'PLAN 5','0000-00-00 00:00:00','0000-00-00 00:00:00','0000-00-00 00:00:00'),(8,'PLAN 6','0000-00-00 00:00:00','0000-00-00 00:00:00','0000-00-00 00:00:00'),(9,'PLAN 7','0000-00-00 00:00:00','0000-00-00 00:00:00','0000-00-00 00:00:00');
/*!40000 ALTER TABLE `producto` ENABLE KEYS */;
UNLOCK TABLES;

--
-- Table structure for table `respuestas`
--

DROP TABLE IF EXISTS `respuestas`;
/*!40101 SET @saved_cs_client     = @@character_set_client */;
/*!40101 SET character_set_client = utf8 */;
CREATE TABLE `respuestas` (
  `id` int(11) NOT NULL AUTO_INCREMENT,
  `respuesta` varchar(200) COLLATE utf8_spanish2_ci DEFAULT NULL,
  `created_at` timestamp NOT NULL DEFAULT '0000-00-00 00:00:00',
  `updated_at` timestamp NOT NULL DEFAULT '0000-00-00 00:00:00',
  `delete_at` timestamp NULL DEFAULT NULL,
  PRIMARY KEY (`id`)
) ENGINE=InnoDB AUTO_INCREMENT=5 DEFAULT CHARSET=utf8 COLLATE=utf8_spanish2_ci PACK_KEYS=0;
/*!40101 SET character_set_client = @saved_cs_client */;

--
-- Dumping data for table `respuestas`
--

LOCK TABLES `respuestas` WRITE;
/*!40000 ALTER TABLE `respuestas` DISABLE KEYS */;
INSERT INTO `respuestas` VALUES (1,'Vía telefónica','0000-00-00 00:00:00','0000-00-00 00:00:00','0000-00-00 00:00:00'),(2,'Vía E-mail','0000-00-00 00:00:00','0000-00-00 00:00:00','0000-00-00 00:00:00'),(3,'Correo postal','0000-00-00 00:00:00','0000-00-00 00:00:00','0000-00-00 00:00:00'),(4,'Redes sociales','0000-00-00 00:00:00','0000-00-00 00:00:00','0000-00-00 00:00:00');
/*!40000 ALTER TABLE `respuestas` ENABLE KEYS */;
UNLOCK TABLES;

--
-- Table structure for table `servicio`
--

DROP TABLE IF EXISTS `servicio`;
/*!40101 SET @saved_cs_client     = @@character_set_client */;
/*!40101 SET character_set_client = utf8 */;
CREATE TABLE `servicio` (
  `id` int(11) NOT NULL AUTO_INCREMENT,
  `tipo` varchar(50) CHARACTER SET latin1 DEFAULT NULL,
  `created_at` timestamp NOT NULL DEFAULT '0000-00-00 00:00:00',
  `updated_at` timestamp NOT NULL DEFAULT '0000-00-00 00:00:00',
  `deleted_at` timestamp NULL DEFAULT '0000-00-00 00:00:00',
  PRIMARY KEY (`id`)
) ENGINE=InnoDB AUTO_INCREMENT=6 DEFAULT CHARSET=utf8 COLLATE=utf8_spanish_ci PACK_KEYS=0;
/*!40101 SET character_set_client = @saved_cs_client */;

--
-- Dumping data for table `servicio`
--

LOCK TABLES `servicio` WRITE;
/*!40000 ALTER TABLE `servicio` DISABLE KEYS */;
INSERT INTO `servicio` VALUES (1,'Servicios contratados','0000-00-00 00:00:00','0000-00-00 00:00:00','0000-00-00 00:00:00'),(2,'Servicios consumidos','0000-00-00 00:00:00','0000-00-00 00:00:00','0000-00-00 00:00:00'),(3,'Servicios pcs no includos dentro del plan','0000-00-00 00:00:00','0000-00-00 00:00:00','0000-00-00 00:00:00'),(4,'Servicios de terceros','0000-00-00 00:00:00','0000-00-00 00:00:00','0000-00-00 00:00:00'),(5,'Cobros y descuentos','0000-00-00 00:00:00','0000-00-00 00:00:00','0000-00-00 00:00:00');
/*!40000 ALTER TABLE `servicio` ENABLE KEYS */;
UNLOCK TABLES;

--
-- Table structure for table `telefono`
--

DROP TABLE IF EXISTS `telefono`;
/*!40101 SET @saved_cs_client     = @@character_set_client */;
/*!40101 SET character_set_client = utf8 */;
CREATE TABLE `telefono` (
  `id` int(11) NOT NULL AUTO_INCREMENT,
  `id_cliente` int(11) NOT NULL,
  `id_titular_adicional` int(11) NOT NULL,
  `id_producto` int(11) NOT NULL,
  `numero` varchar(20) NOT NULL,
  `informacion_al` date DEFAULT NULL,
  `inicio_fac` date DEFAULT NULL,
  `fin_fac` date DEFAULT NULL,
  `created_at` timestamp NOT NULL DEFAULT '0000-00-00 00:00:00',
  `updated_at` timestamp NOT NULL DEFAULT '0000-00-00 00:00:00',
  `deleted_at` timestamp NULL DEFAULT '0000-00-00 00:00:00',
  PRIMARY KEY (`id`),
  KEY `id_cliente` (`id_cliente`),
  KEY `id_titular_adicional_idx` (`id_titular_adicional`),
  KEY `id_producto_idx` (`id_producto`),
  CONSTRAINT `id_cliente` FOREIGN KEY (`id_cliente`) REFERENCES `cliente` (`id`) ON DELETE NO ACTION ON UPDATE NO ACTION,
  CONSTRAINT `id_producto` FOREIGN KEY (`id_producto`) REFERENCES `producto` (`id`) ON DELETE NO ACTION ON UPDATE NO ACTION,
  CONSTRAINT `id_titular_adicional` FOREIGN KEY (`id_titular_adicional`) REFERENCES `titular_adicional` (`id`) ON DELETE NO ACTION ON UPDATE NO ACTION
) ENGINE=InnoDB AUTO_INCREMENT=152 DEFAULT CHARSET=latin1 PACK_KEYS=0;
/*!40101 SET character_set_client = @saved_cs_client */;

--
-- Dumping data for table `telefono`
--

LOCK TABLES `telefono` WRITE;
/*!40000 ALTER TABLE `telefono` DISABLE KEYS */;
INSERT INTO `telefono` VALUES (1,7,1,1,'123456799','2014-06-02','2014-05-01','2014-05-31','0000-00-00 00:00:00','0000-00-00 00:00:00','0000-00-00 00:00:00'),(2,7,1,3,'123456800','2014-06-03','2014-05-02','2014-06-01','0000-00-00 00:00:00','0000-00-00 00:00:00','0000-00-00 00:00:00'),(3,7,1,4,'123456801','2014-06-04','2014-05-03','2014-06-02','0000-00-00 00:00:00','0000-00-00 00:00:00','0000-00-00 00:00:00'),(4,7,1,1,'123456802','2014-06-05','2014-05-04','2014-06-03','0000-00-00 00:00:00','0000-00-00 00:00:00','0000-00-00 00:00:00'),(5,7,2,1,'123456803','2014-06-06','2014-05-05','2014-06-04','0000-00-00 00:00:00','0000-00-00 00:00:00','0000-00-00 00:00:00'),(6,7,2,5,'123456804','2014-06-07','2014-05-06','2014-06-05','0000-00-00 00:00:00','0000-00-00 00:00:00','0000-00-00 00:00:00'),(7,7,2,6,'123456805','2014-06-08','2014-05-07','2014-06-06','0000-00-00 00:00:00','0000-00-00 00:00:00','0000-00-00 00:00:00'),(8,7,2,7,'123456806','2014-06-09','2014-05-08','2014-06-07','0000-00-00 00:00:00','0000-00-00 00:00:00','0000-00-00 00:00:00'),(9,7,2,8,'123456807','2014-06-10','2014-05-09','2014-06-08','0000-00-00 00:00:00','0000-00-00 00:00:00','0000-00-00 00:00:00'),(10,8,1,1,'123456808','2014-06-11','2014-05-10','2014-06-09','0000-00-00 00:00:00','0000-00-00 00:00:00','0000-00-00 00:00:00'),(11,8,1,3,'123456809','2014-06-12','2014-05-11','2014-06-10','0000-00-00 00:00:00','0000-00-00 00:00:00','0000-00-00 00:00:00'),(12,8,1,4,'123456810','2014-06-13','2014-05-12','2014-06-11','0000-00-00 00:00:00','0000-00-00 00:00:00','0000-00-00 00:00:00'),(13,8,1,1,'123456811','2014-06-14','2014-05-13','2014-06-12','0000-00-00 00:00:00','0000-00-00 00:00:00','0000-00-00 00:00:00'),(14,8,1,1,'123456812','2014-06-15','2014-05-14','2014-06-13','0000-00-00 00:00:00','0000-00-00 00:00:00','0000-00-00 00:00:00'),(15,8,1,5,'123456813','2014-06-16','2014-05-15','2014-06-14','0000-00-00 00:00:00','0000-00-00 00:00:00','0000-00-00 00:00:00'),(16,8,2,6,'123456814','2014-06-17','2014-05-16','2014-06-15','0000-00-00 00:00:00','0000-00-00 00:00:00','0000-00-00 00:00:00'),(17,8,2,7,'123456815','2014-06-18','2014-05-17','2014-06-16','0000-00-00 00:00:00','0000-00-00 00:00:00','0000-00-00 00:00:00'),(18,8,2,8,'123456816','2014-06-19','2014-05-18','2014-06-17','0000-00-00 00:00:00','0000-00-00 00:00:00','0000-00-00 00:00:00'),(19,8,2,9,'123456817','2014-06-20','2014-05-19','2014-06-18','0000-00-00 00:00:00','0000-00-00 00:00:00','0000-00-00 00:00:00'),(20,1,1,2,'12345678','2014-07-01','2014-07-01','2014-07-01','0000-00-00 00:00:00','0000-00-00 00:00:00','0000-00-00 00:00:00'),(21,1,1,1,'12345679','2014-07-01','2014-07-01','2014-07-01','0000-00-00 00:00:00','0000-00-00 00:00:00','0000-00-00 00:00:00'),(22,2,1,2,'12345680','2014-07-01','2014-07-01','2014-07-01','0000-00-00 00:00:00','0000-00-00 00:00:00','0000-00-00 00:00:00'),(23,2,1,1,'12345681','2014-07-01','2014-07-01','2014-07-01','0000-00-00 00:00:00','0000-00-00 00:00:00','0000-00-00 00:00:00'),(24,3,1,2,'12345682','2014-07-01','2014-07-01','2014-07-01','0000-00-00 00:00:00','0000-00-00 00:00:00','0000-00-00 00:00:00'),(25,3,1,1,'12345683','2014-07-01','2014-07-01','2014-07-01','0000-00-00 00:00:00','0000-00-00 00:00:00','0000-00-00 00:00:00'),(26,3,1,2,'12345684','2014-07-01','2014-07-01','2014-07-01','0000-00-00 00:00:00','0000-00-00 00:00:00','0000-00-00 00:00:00'),(27,3,1,1,'12345685','2014-07-01','2014-07-01','2014-07-01','0000-00-00 00:00:00','0000-00-00 00:00:00','0000-00-00 00:00:00'),(28,4,1,2,'12345686','2014-07-01','2014-07-01','2014-07-01','0000-00-00 00:00:00','0000-00-00 00:00:00','0000-00-00 00:00:00'),(29,4,1,1,'12345687','2014-07-01','2014-07-01','2014-07-01','0000-00-00 00:00:00','0000-00-00 00:00:00','0000-00-00 00:00:00'),(30,4,1,2,'12345688','2014-07-01','2014-07-01','2014-07-01','0000-00-00 00:00:00','0000-00-00 00:00:00','0000-00-00 00:00:00'),(31,4,1,1,'12345689','2014-07-01','2014-07-01','2014-07-01','0000-00-00 00:00:00','0000-00-00 00:00:00','0000-00-00 00:00:00'),(32,4,1,2,'12345690','2014-07-01','2014-07-01','2014-07-01','0000-00-00 00:00:00','0000-00-00 00:00:00','0000-00-00 00:00:00'),(33,5,1,1,'12345691','2014-07-01','2014-07-01','2014-07-01','0000-00-00 00:00:00','0000-00-00 00:00:00','0000-00-00 00:00:00'),(34,5,1,2,'12345692','2014-07-01','2014-07-01','2014-07-01','0000-00-00 00:00:00','0000-00-00 00:00:00','0000-00-00 00:00:00'),(35,5,1,1,'12345693','2014-07-01','2014-07-01','2014-07-01','0000-00-00 00:00:00','0000-00-00 00:00:00','0000-00-00 00:00:00'),(36,5,1,2,'12345694','2014-07-01','2014-07-01','2014-07-01','0000-00-00 00:00:00','0000-00-00 00:00:00','0000-00-00 00:00:00'),(37,6,1,1,'12345695','2014-07-01','2014-07-01','2014-07-01','0000-00-00 00:00:00','0000-00-00 00:00:00','0000-00-00 00:00:00'),(38,6,1,2,'12345696','2014-07-01','2014-07-01','2014-07-01','0000-00-00 00:00:00','0000-00-00 00:00:00','0000-00-00 00:00:00'),(39,6,1,1,'12345697','2014-07-01','2014-07-01','2014-07-01','0000-00-00 00:00:00','0000-00-00 00:00:00','0000-00-00 00:00:00'),(40,6,1,2,'12345698','2014-07-01','2014-07-01','2014-07-01','0000-00-00 00:00:00','0000-00-00 00:00:00','0000-00-00 00:00:00'),(41,6,1,1,'12345699','2014-07-01','2014-07-01','2014-07-01','0000-00-00 00:00:00','0000-00-00 00:00:00','0000-00-00 00:00:00'),(42,1,1,2,'12345678','2014-06-01','2014-06-01','2014-06-01','0000-00-00 00:00:00','0000-00-00 00:00:00','0000-00-00 00:00:00'),(43,1,1,1,'12345679','2014-06-01','2014-06-01','2014-06-01','0000-00-00 00:00:00','0000-00-00 00:00:00','0000-00-00 00:00:00'),(44,2,1,2,'12345680','2014-06-01','2014-06-01','2014-06-01','0000-00-00 00:00:00','0000-00-00 00:00:00','0000-00-00 00:00:00'),(45,2,1,1,'12345681','2014-06-01','2014-06-01','2014-06-01','0000-00-00 00:00:00','0000-00-00 00:00:00','0000-00-00 00:00:00'),(46,3,1,2,'12345682','2014-06-01','2014-06-01','2014-06-01','0000-00-00 00:00:00','0000-00-00 00:00:00','0000-00-00 00:00:00'),(47,3,1,1,'12345683','2014-06-01','2014-06-01','2014-06-01','0000-00-00 00:00:00','0000-00-00 00:00:00','0000-00-00 00:00:00'),(48,3,1,2,'12345684','2014-06-01','2014-06-01','2014-06-01','0000-00-00 00:00:00','0000-00-00 00:00:00','0000-00-00 00:00:00'),(49,3,1,1,'12345685','2014-06-01','2014-06-01','2014-06-01','0000-00-00 00:00:00','0000-00-00 00:00:00','0000-00-00 00:00:00'),(50,4,1,2,'12345686','2014-06-01','2014-06-01','2014-06-01','0000-00-00 00:00:00','0000-00-00 00:00:00','0000-00-00 00:00:00'),(51,4,1,1,'12345687','2014-06-01','2014-06-01','2014-06-01','0000-00-00 00:00:00','0000-00-00 00:00:00','0000-00-00 00:00:00'),(52,4,1,2,'12345688','2014-06-01','2014-06-01','2014-06-01','0000-00-00 00:00:00','0000-00-00 00:00:00','0000-00-00 00:00:00'),(53,4,1,1,'12345689','2014-06-01','2014-06-01','2014-06-01','0000-00-00 00:00:00','0000-00-00 00:00:00','0000-00-00 00:00:00'),(54,4,1,2,'12345690','2014-06-01','2014-06-01','2014-06-01','0000-00-00 00:00:00','0000-00-00 00:00:00','0000-00-00 00:00:00'),(55,5,1,1,'12345691','2014-06-01','2014-06-01','2014-06-01','0000-00-00 00:00:00','0000-00-00 00:00:00','0000-00-00 00:00:00'),(56,5,1,2,'12345692','2014-06-01','2014-06-01','2014-06-01','0000-00-00 00:00:00','0000-00-00 00:00:00','0000-00-00 00:00:00'),(57,5,1,1,'12345693','2014-06-01','2014-06-01','2014-06-01','0000-00-00 00:00:00','0000-00-00 00:00:00','0000-00-00 00:00:00'),(58,5,1,2,'12345694','2014-06-01','2014-06-01','2014-06-01','0000-00-00 00:00:00','0000-00-00 00:00:00','0000-00-00 00:00:00'),(59,6,1,1,'12345695','2014-06-01','2014-06-01','2014-06-01','0000-00-00 00:00:00','0000-00-00 00:00:00','0000-00-00 00:00:00'),(60,6,1,2,'12345696','2014-06-01','2014-06-01','2014-06-01','0000-00-00 00:00:00','0000-00-00 00:00:00','0000-00-00 00:00:00'),(61,6,1,1,'12345697','2014-06-01','2014-06-01','2014-06-01','0000-00-00 00:00:00','0000-00-00 00:00:00','0000-00-00 00:00:00'),(62,6,1,2,'12345698','2014-06-01','2014-06-01','2014-06-01','0000-00-00 00:00:00','0000-00-00 00:00:00','0000-00-00 00:00:00'),(63,6,1,1,'12345699','2014-06-01','2014-06-01','2014-06-01','0000-00-00 00:00:00','0000-00-00 00:00:00','0000-00-00 00:00:00'),(64,1,1,2,'12345678','2014-05-01','2014-05-01','2014-05-01','0000-00-00 00:00:00','0000-00-00 00:00:00','0000-00-00 00:00:00'),(65,1,1,1,'12345679','2014-05-01','2014-05-01','2014-05-01','0000-00-00 00:00:00','0000-00-00 00:00:00','0000-00-00 00:00:00'),(66,2,1,2,'12345680','2014-05-01','2014-05-01','2014-05-01','0000-00-00 00:00:00','0000-00-00 00:00:00','0000-00-00 00:00:00'),(67,2,1,1,'12345681','2014-05-01','2014-05-01','2014-05-01','0000-00-00 00:00:00','0000-00-00 00:00:00','0000-00-00 00:00:00'),(68,3,1,2,'12345682','2014-05-01','2014-05-01','2014-05-01','0000-00-00 00:00:00','0000-00-00 00:00:00','0000-00-00 00:00:00'),(69,3,1,1,'12345683','2014-05-01','2014-05-01','2014-05-01','0000-00-00 00:00:00','0000-00-00 00:00:00','0000-00-00 00:00:00'),(70,3,1,2,'12345684','2014-05-01','2014-05-01','2014-05-01','0000-00-00 00:00:00','0000-00-00 00:00:00','0000-00-00 00:00:00'),(71,3,1,1,'12345685','2014-05-01','2014-05-01','2014-05-01','0000-00-00 00:00:00','0000-00-00 00:00:00','0000-00-00 00:00:00'),(72,4,1,2,'12345686','2014-05-01','2014-05-01','2014-05-01','0000-00-00 00:00:00','0000-00-00 00:00:00','0000-00-00 00:00:00'),(73,4,1,1,'12345687','2014-05-01','2014-05-01','2014-05-01','0000-00-00 00:00:00','0000-00-00 00:00:00','0000-00-00 00:00:00'),(74,4,1,2,'12345688','2014-05-01','2014-05-01','2014-05-01','0000-00-00 00:00:00','0000-00-00 00:00:00','0000-00-00 00:00:00'),(75,4,1,1,'12345689','2014-05-01','2014-05-01','2014-05-01','0000-00-00 00:00:00','0000-00-00 00:00:00','0000-00-00 00:00:00'),(76,4,1,2,'12345690','2014-05-01','2014-05-01','2014-05-01','0000-00-00 00:00:00','0000-00-00 00:00:00','0000-00-00 00:00:00'),(77,5,1,1,'12345691','2014-05-01','2014-05-01','2014-05-01','0000-00-00 00:00:00','0000-00-00 00:00:00','0000-00-00 00:00:00'),(78,5,1,2,'12345692','2014-05-01','2014-05-01','2014-05-01','0000-00-00 00:00:00','0000-00-00 00:00:00','0000-00-00 00:00:00'),(79,5,1,1,'12345693','2014-05-01','2014-05-01','2014-05-01','0000-00-00 00:00:00','0000-00-00 00:00:00','0000-00-00 00:00:00'),(80,5,1,2,'12345694','2014-05-01','2014-05-01','2014-05-01','0000-00-00 00:00:00','0000-00-00 00:00:00','0000-00-00 00:00:00'),(81,6,1,1,'12345695','2014-05-01','2014-05-01','2014-05-01','0000-00-00 00:00:00','0000-00-00 00:00:00','0000-00-00 00:00:00'),(82,6,1,2,'12345696','2014-05-01','2014-05-01','2014-05-01','0000-00-00 00:00:00','0000-00-00 00:00:00','0000-00-00 00:00:00'),(83,6,1,1,'12345697','2014-05-01','2014-05-01','2014-05-01','0000-00-00 00:00:00','0000-00-00 00:00:00','0000-00-00 00:00:00'),(84,6,1,2,'12345698','2014-05-01','2014-05-01','2014-05-01','0000-00-00 00:00:00','0000-00-00 00:00:00','0000-00-00 00:00:00'),(85,6,1,1,'12345699','2014-05-01','2014-05-01','2014-05-01','0000-00-00 00:00:00','0000-00-00 00:00:00','0000-00-00 00:00:00'),(86,1,1,2,'12345678','2014-04-01','2014-04-01','2014-04-01','0000-00-00 00:00:00','0000-00-00 00:00:00','0000-00-00 00:00:00'),(87,1,1,1,'12345679','2014-04-01','2014-04-01','2014-04-01','0000-00-00 00:00:00','0000-00-00 00:00:00','0000-00-00 00:00:00'),(88,2,1,2,'12345680','2014-04-01','2014-04-01','2014-04-01','0000-00-00 00:00:00','0000-00-00 00:00:00','0000-00-00 00:00:00'),(89,2,1,1,'12345681','2014-04-01','2014-04-01','2014-04-01','0000-00-00 00:00:00','0000-00-00 00:00:00','0000-00-00 00:00:00'),(90,3,1,2,'12345682','2014-04-01','2014-04-01','2014-04-01','0000-00-00 00:00:00','0000-00-00 00:00:00','0000-00-00 00:00:00'),(91,3,1,1,'12345683','2014-04-01','2014-04-01','2014-04-01','0000-00-00 00:00:00','0000-00-00 00:00:00','0000-00-00 00:00:00'),(92,3,1,2,'12345684','2014-04-01','2014-04-01','2014-04-01','0000-00-00 00:00:00','0000-00-00 00:00:00','0000-00-00 00:00:00'),(93,3,1,1,'12345685','2014-04-01','2014-04-01','2014-04-01','0000-00-00 00:00:00','0000-00-00 00:00:00','0000-00-00 00:00:00'),(94,4,1,2,'12345686','2014-04-01','2014-04-01','2014-04-01','0000-00-00 00:00:00','0000-00-00 00:00:00','0000-00-00 00:00:00'),(95,4,1,1,'12345687','2014-04-01','2014-04-01','2014-04-01','0000-00-00 00:00:00','0000-00-00 00:00:00','0000-00-00 00:00:00'),(96,4,1,2,'12345688','2014-04-01','2014-04-01','2014-04-01','0000-00-00 00:00:00','0000-00-00 00:00:00','0000-00-00 00:00:00'),(97,4,1,1,'12345689','2014-04-01','2014-04-01','2014-04-01','0000-00-00 00:00:00','0000-00-00 00:00:00','0000-00-00 00:00:00'),(98,4,1,2,'12345690','2014-04-01','2014-04-01','2014-04-01','0000-00-00 00:00:00','0000-00-00 00:00:00','0000-00-00 00:00:00'),(99,5,1,1,'12345691','2014-04-01','2014-04-01','2014-04-01','0000-00-00 00:00:00','0000-00-00 00:00:00','0000-00-00 00:00:00'),(100,5,1,2,'12345692','2014-04-01','2014-04-01','2014-04-01','0000-00-00 00:00:00','0000-00-00 00:00:00','0000-00-00 00:00:00'),(101,5,1,1,'12345693','2014-04-01','2014-04-01','2014-04-01','0000-00-00 00:00:00','0000-00-00 00:00:00','0000-00-00 00:00:00'),(102,5,1,2,'12345694','2014-04-01','2014-04-01','2014-04-01','0000-00-00 00:00:00','0000-00-00 00:00:00','0000-00-00 00:00:00'),(103,6,1,1,'12345695','2014-04-01','2014-04-01','2014-04-01','0000-00-00 00:00:00','0000-00-00 00:00:00','0000-00-00 00:00:00'),(104,6,1,2,'12345696','2014-04-01','2014-04-01','2014-04-01','0000-00-00 00:00:00','0000-00-00 00:00:00','0000-00-00 00:00:00'),(105,6,1,1,'12345697','2014-04-01','2014-04-01','2014-04-01','0000-00-00 00:00:00','0000-00-00 00:00:00','0000-00-00 00:00:00'),(106,6,1,2,'12345698','2014-04-01','2014-04-01','2014-04-01','0000-00-00 00:00:00','0000-00-00 00:00:00','0000-00-00 00:00:00'),(107,6,1,1,'12345699','2014-04-01','2014-04-01','2014-04-01','0000-00-00 00:00:00','0000-00-00 00:00:00','0000-00-00 00:00:00'),(108,1,1,2,'12345678','2014-03-01','2014-03-01','2014-03-01','0000-00-00 00:00:00','0000-00-00 00:00:00','0000-00-00 00:00:00'),(109,1,1,1,'12345679','2014-03-01','2014-03-01','2014-03-01','0000-00-00 00:00:00','0000-00-00 00:00:00','0000-00-00 00:00:00'),(110,2,1,2,'12345680','2014-03-01','2014-03-01','2014-03-01','0000-00-00 00:00:00','0000-00-00 00:00:00','0000-00-00 00:00:00'),(111,2,1,1,'12345681','2014-03-01','2014-03-01','2014-03-01','0000-00-00 00:00:00','0000-00-00 00:00:00','0000-00-00 00:00:00'),(112,3,1,2,'12345682','2014-03-01','2014-03-01','2014-03-01','0000-00-00 00:00:00','0000-00-00 00:00:00','0000-00-00 00:00:00'),(113,3,1,1,'12345683','2014-03-01','2014-03-01','2014-03-01','0000-00-00 00:00:00','0000-00-00 00:00:00','0000-00-00 00:00:00'),(114,3,1,2,'12345684','2014-03-01','2014-03-01','2014-03-01','0000-00-00 00:00:00','0000-00-00 00:00:00','0000-00-00 00:00:00'),(115,3,1,1,'12345685','2014-03-01','2014-03-01','2014-03-01','0000-00-00 00:00:00','0000-00-00 00:00:00','0000-00-00 00:00:00'),(116,4,1,2,'12345686','2014-03-01','2014-03-01','2014-03-01','0000-00-00 00:00:00','0000-00-00 00:00:00','0000-00-00 00:00:00'),(117,4,1,1,'12345687','2014-03-01','2014-03-01','2014-03-01','0000-00-00 00:00:00','0000-00-00 00:00:00','0000-00-00 00:00:00'),(118,4,1,2,'12345688','2014-03-01','2014-03-01','2014-03-01','0000-00-00 00:00:00','0000-00-00 00:00:00','0000-00-00 00:00:00'),(119,4,1,1,'12345689','2014-03-01','2014-03-01','2014-03-01','0000-00-00 00:00:00','0000-00-00 00:00:00','0000-00-00 00:00:00'),(120,4,1,2,'12345690','2014-03-01','2014-03-01','2014-03-01','0000-00-00 00:00:00','0000-00-00 00:00:00','0000-00-00 00:00:00'),(121,5,1,1,'12345691','2014-03-01','2014-03-01','2014-03-01','0000-00-00 00:00:00','0000-00-00 00:00:00','0000-00-00 00:00:00'),(122,5,1,2,'12345692','2014-03-01','2014-03-01','2014-03-01','0000-00-00 00:00:00','0000-00-00 00:00:00','0000-00-00 00:00:00'),(123,5,1,1,'12345693','2014-03-01','2014-03-01','2014-03-01','0000-00-00 00:00:00','0000-00-00 00:00:00','0000-00-00 00:00:00'),(124,5,1,2,'12345694','2014-03-01','2014-03-01','2014-03-01','0000-00-00 00:00:00','0000-00-00 00:00:00','0000-00-00 00:00:00'),(125,6,1,1,'12345695','2014-03-01','2014-03-01','2014-03-01','0000-00-00 00:00:00','0000-00-00 00:00:00','0000-00-00 00:00:00'),(126,6,1,2,'12345696','2014-03-01','2014-03-01','2014-03-01','0000-00-00 00:00:00','0000-00-00 00:00:00','0000-00-00 00:00:00'),(127,6,1,1,'12345697','2014-03-01','2014-03-01','2014-03-01','0000-00-00 00:00:00','0000-00-00 00:00:00','0000-00-00 00:00:00'),(128,6,1,2,'12345698','2014-03-01','2014-03-01','2014-03-01','0000-00-00 00:00:00','0000-00-00 00:00:00','0000-00-00 00:00:00'),(129,6,1,1,'12345699','2014-03-01','2014-03-01','2014-03-01','0000-00-00 00:00:00','0000-00-00 00:00:00','0000-00-00 00:00:00'),(130,1,1,2,'12345678','2014-02-01','2014-02-01','2014-02-01','0000-00-00 00:00:00','0000-00-00 00:00:00','0000-00-00 00:00:00'),(131,1,1,1,'12345679','2014-02-01','2014-02-01','2014-02-01','0000-00-00 00:00:00','0000-00-00 00:00:00','0000-00-00 00:00:00'),(132,2,1,2,'12345680','2014-02-01','2014-02-01','2014-02-01','0000-00-00 00:00:00','0000-00-00 00:00:00','0000-00-00 00:00:00'),(133,2,1,1,'12345681','2014-02-01','2014-02-01','2014-02-01','0000-00-00 00:00:00','0000-00-00 00:00:00','0000-00-00 00:00:00'),(134,3,1,2,'12345682','2014-02-01','2014-02-01','2014-02-01','0000-00-00 00:00:00','0000-00-00 00:00:00','0000-00-00 00:00:00'),(135,3,1,1,'12345683','2014-02-01','2014-02-01','2014-02-01','0000-00-00 00:00:00','0000-00-00 00:00:00','0000-00-00 00:00:00'),(136,3,1,2,'12345684','2014-02-01','2014-02-01','2014-02-01','0000-00-00 00:00:00','0000-00-00 00:00:00','0000-00-00 00:00:00'),(137,3,1,1,'12345685','2014-02-01','2014-02-01','2014-02-01','0000-00-00 00:00:00','0000-00-00 00:00:00','0000-00-00 00:00:00'),(138,4,1,2,'12345686','2014-02-01','2014-02-01','2014-02-01','0000-00-00 00:00:00','0000-00-00 00:00:00','0000-00-00 00:00:00'),(139,4,1,1,'12345687','2014-02-01','2014-02-01','2014-02-01','0000-00-00 00:00:00','0000-00-00 00:00:00','0000-00-00 00:00:00'),(140,4,1,2,'12345688','2014-02-01','2014-02-01','2014-02-01','0000-00-00 00:00:00','0000-00-00 00:00:00','0000-00-00 00:00:00'),(141,4,1,1,'12345689','2014-02-01','2014-02-01','2014-02-01','0000-00-00 00:00:00','0000-00-00 00:00:00','0000-00-00 00:00:00'),(142,4,1,2,'12345690','2014-02-01','2014-02-01','2014-02-01','0000-00-00 00:00:00','0000-00-00 00:00:00','0000-00-00 00:00:00'),(143,5,1,1,'12345691','2014-02-01','2014-02-01','2014-02-01','0000-00-00 00:00:00','0000-00-00 00:00:00','0000-00-00 00:00:00'),(144,5,1,2,'12345692','2014-02-01','2014-02-01','2014-02-01','0000-00-00 00:00:00','0000-00-00 00:00:00','0000-00-00 00:00:00'),(145,5,1,1,'12345693','2014-02-01','2014-02-01','2014-02-01','0000-00-00 00:00:00','0000-00-00 00:00:00','0000-00-00 00:00:00'),(146,5,1,2,'12345694','2014-02-01','2014-02-01','2014-02-01','0000-00-00 00:00:00','0000-00-00 00:00:00','0000-00-00 00:00:00'),(147,6,1,1,'12345695','2014-02-01','2014-02-01','2014-02-01','0000-00-00 00:00:00','0000-00-00 00:00:00','0000-00-00 00:00:00'),(148,6,1,2,'12345696','2014-02-01','2014-02-01','2014-02-01','0000-00-00 00:00:00','0000-00-00 00:00:00','0000-00-00 00:00:00'),(149,6,1,1,'12345697','2014-02-01','2014-02-01','2014-02-01','0000-00-00 00:00:00','0000-00-00 00:00:00','0000-00-00 00:00:00'),(150,6,1,2,'12345698','2014-02-01','2014-02-01','2014-02-01','0000-00-00 00:00:00','0000-00-00 00:00:00','0000-00-00 00:00:00'),(151,6,1,1,'12345699','2014-02-01','2014-02-01','2014-02-01','0000-00-00 00:00:00','0000-00-00 00:00:00','0000-00-00 00:00:00');
/*!40000 ALTER TABLE `telefono` ENABLE KEYS */;
UNLOCK TABLES;

--
-- Table structure for table `telefonos_servicios`
--

DROP TABLE IF EXISTS `telefonos_servicios`;
/*!40101 SET @saved_cs_client     = @@character_set_client */;
/*!40101 SET character_set_client = utf8 */;
CREATE TABLE `telefonos_servicios` (
  `id` int(11) NOT NULL AUTO_INCREMENT,
  `id_telefono` int(11) NOT NULL,
  `id_servicio` int(11) NOT NULL,
  `precio_servicio` int(11) DEFAULT NULL,
  `fecha` date DEFAULT NULL,
  `created_at` timestamp NOT NULL DEFAULT '0000-00-00 00:00:00',
  `updated_at` timestamp NOT NULL DEFAULT '0000-00-00 00:00:00',
  `deleted_at` timestamp NULL DEFAULT '0000-00-00 00:00:00',
  PRIMARY KEY (`id`),
  KEY `id_telefono` (`id_telefono`),
  KEY `id_servicio` (`id_servicio`),
  CONSTRAINT `telefonos_servicios_fk1` FOREIGN KEY (`id_telefono`) REFERENCES `telefono` (`id`),
  CONSTRAINT `telefonos_servicios_fk2` FOREIGN KEY (`id_servicio`) REFERENCES `servicio` (`id`)
) ENGINE=InnoDB AUTO_INCREMENT=549 DEFAULT CHARSET=utf8 COLLATE=utf8_spanish_ci PACK_KEYS=0;
/*!40101 SET character_set_client = @saved_cs_client */;

--
-- Dumping data for table `telefonos_servicios`
--

LOCK TABLES `telefonos_servicios` WRITE;
/*!40000 ALTER TABLE `telefonos_servicios` DISABLE KEYS */;
INSERT INTO `telefonos_servicios` VALUES (97,2,1,20000,'2014-05-02','0000-00-00 00:00:00','0000-00-00 00:00:00','0000-00-00 00:00:00'),(98,3,1,30000,'2014-05-03','0000-00-00 00:00:00','0000-00-00 00:00:00','0000-00-00 00:00:00'),(99,4,1,40000,'2014-05-04','0000-00-00 00:00:00','0000-00-00 00:00:00','0000-00-00 00:00:00'),(100,5,1,50000,'2014-05-05','0000-00-00 00:00:00','0000-00-00 00:00:00','0000-00-00 00:00:00'),(101,6,1,60000,'2014-05-06','0000-00-00 00:00:00','0000-00-00 00:00:00','0000-00-00 00:00:00'),(102,7,1,70000,'2014-05-07','0000-00-00 00:00:00','0000-00-00 00:00:00','0000-00-00 00:00:00'),(103,8,1,80000,'2014-05-08','0000-00-00 00:00:00','0000-00-00 00:00:00','0000-00-00 00:00:00'),(104,9,1,90000,'2014-05-09','0000-00-00 00:00:00','0000-00-00 00:00:00','0000-00-00 00:00:00'),(105,10,1,100000,'2014-05-10','0000-00-00 00:00:00','0000-00-00 00:00:00','0000-00-00 00:00:00'),(106,11,1,110000,'2014-05-11','0000-00-00 00:00:00','0000-00-00 00:00:00','0000-00-00 00:00:00'),(107,12,1,120000,'2014-05-12','0000-00-00 00:00:00','0000-00-00 00:00:00','0000-00-00 00:00:00'),(108,13,1,130000,'2014-05-13','0000-00-00 00:00:00','0000-00-00 00:00:00','0000-00-00 00:00:00'),(109,14,1,140000,'2014-05-14','0000-00-00 00:00:00','0000-00-00 00:00:00','0000-00-00 00:00:00'),(110,15,1,150000,'2014-05-15','0000-00-00 00:00:00','0000-00-00 00:00:00','0000-00-00 00:00:00'),(111,16,1,160000,'2014-05-16','0000-00-00 00:00:00','0000-00-00 00:00:00','0000-00-00 00:00:00'),(112,17,1,170000,'2014-05-17','0000-00-00 00:00:00','0000-00-00 00:00:00','0000-00-00 00:00:00'),(113,18,1,180000,'2014-05-18','0000-00-00 00:00:00','0000-00-00 00:00:00','0000-00-00 00:00:00'),(114,19,1,190000,'2014-05-19','0000-00-00 00:00:00','0000-00-00 00:00:00','0000-00-00 00:00:00'),(116,2,2,25000,'2014-05-02','0000-00-00 00:00:00','0000-00-00 00:00:00','0000-00-00 00:00:00'),(117,3,2,35000,'2014-05-03','0000-00-00 00:00:00','0000-00-00 00:00:00','0000-00-00 00:00:00'),(118,4,2,45000,'2014-05-04','0000-00-00 00:00:00','0000-00-00 00:00:00','0000-00-00 00:00:00'),(119,5,2,55000,'2014-05-05','0000-00-00 00:00:00','0000-00-00 00:00:00','0000-00-00 00:00:00'),(120,6,2,65000,'2014-05-06','0000-00-00 00:00:00','0000-00-00 00:00:00','0000-00-00 00:00:00'),(121,7,2,75000,'2014-05-07','0000-00-00 00:00:00','0000-00-00 00:00:00','0000-00-00 00:00:00'),(122,8,2,85000,'2014-05-08','0000-00-00 00:00:00','0000-00-00 00:00:00','0000-00-00 00:00:00'),(123,9,2,95000,'2014-05-09','0000-00-00 00:00:00','0000-00-00 00:00:00','0000-00-00 00:00:00'),(124,10,2,105000,'2014-05-10','0000-00-00 00:00:00','0000-00-00 00:00:00','0000-00-00 00:00:00'),(125,11,2,115000,'2014-05-11','0000-00-00 00:00:00','0000-00-00 00:00:00','0000-00-00 00:00:00'),(126,12,2,125000,'2014-05-12','0000-00-00 00:00:00','0000-00-00 00:00:00','0000-00-00 00:00:00'),(127,13,2,135000,'2014-05-13','0000-00-00 00:00:00','0000-00-00 00:00:00','0000-00-00 00:00:00'),(128,14,2,145000,'2014-05-14','0000-00-00 00:00:00','0000-00-00 00:00:00','0000-00-00 00:00:00'),(129,15,2,155000,'2014-05-15','0000-00-00 00:00:00','0000-00-00 00:00:00','0000-00-00 00:00:00'),(130,16,2,165000,'2014-05-16','0000-00-00 00:00:00','0000-00-00 00:00:00','0000-00-00 00:00:00'),(131,17,2,175000,'2014-05-17','0000-00-00 00:00:00','0000-00-00 00:00:00','0000-00-00 00:00:00'),(132,18,2,185000,'2014-05-18','0000-00-00 00:00:00','0000-00-00 00:00:00','0000-00-00 00:00:00'),(133,19,2,195000,'2014-05-19','0000-00-00 00:00:00','0000-00-00 00:00:00','0000-00-00 00:00:00'),(135,2,3,30000,'2014-05-02','0000-00-00 00:00:00','0000-00-00 00:00:00','0000-00-00 00:00:00'),(136,3,3,40000,'2014-05-03','0000-00-00 00:00:00','0000-00-00 00:00:00','0000-00-00 00:00:00'),(137,4,3,50000,'2014-05-04','0000-00-00 00:00:00','0000-00-00 00:00:00','0000-00-00 00:00:00'),(138,5,3,60000,'2014-05-05','0000-00-00 00:00:00','0000-00-00 00:00:00','0000-00-00 00:00:00'),(139,6,3,70000,'2014-05-06','0000-00-00 00:00:00','0000-00-00 00:00:00','0000-00-00 00:00:00'),(140,7,3,80000,'2014-05-07','0000-00-00 00:00:00','0000-00-00 00:00:00','0000-00-00 00:00:00'),(141,8,3,90000,'2014-05-08','0000-00-00 00:00:00','0000-00-00 00:00:00','0000-00-00 00:00:00'),(142,9,3,100000,'2014-05-09','0000-00-00 00:00:00','0000-00-00 00:00:00','0000-00-00 00:00:00'),(143,10,3,110000,'2014-05-10','0000-00-00 00:00:00','0000-00-00 00:00:00','0000-00-00 00:00:00'),(144,11,3,120000,'2014-05-11','0000-00-00 00:00:00','0000-00-00 00:00:00','0000-00-00 00:00:00'),(145,12,3,130000,'2014-05-12','0000-00-00 00:00:00','0000-00-00 00:00:00','0000-00-00 00:00:00'),(146,13,3,140000,'2014-05-13','0000-00-00 00:00:00','0000-00-00 00:00:00','0000-00-00 00:00:00'),(147,14,3,150000,'2014-05-14','0000-00-00 00:00:00','0000-00-00 00:00:00','0000-00-00 00:00:00'),(148,15,3,160000,'2014-05-15','0000-00-00 00:00:00','0000-00-00 00:00:00','0000-00-00 00:00:00'),(149,16,3,170000,'2014-05-16','0000-00-00 00:00:00','0000-00-00 00:00:00','0000-00-00 00:00:00'),(150,17,3,180000,'2014-05-17','0000-00-00 00:00:00','0000-00-00 00:00:00','0000-00-00 00:00:00'),(151,18,3,190000,'2014-05-18','0000-00-00 00:00:00','0000-00-00 00:00:00','0000-00-00 00:00:00'),(152,19,3,200000,'2014-05-19','0000-00-00 00:00:00','0000-00-00 00:00:00','0000-00-00 00:00:00'),(154,2,4,35000,'2014-05-02','0000-00-00 00:00:00','0000-00-00 00:00:00','0000-00-00 00:00:00'),(155,3,4,45000,'2014-05-03','0000-00-00 00:00:00','0000-00-00 00:00:00','0000-00-00 00:00:00'),(156,4,4,55000,'2014-05-04','0000-00-00 00:00:00','0000-00-00 00:00:00','0000-00-00 00:00:00'),(157,5,4,65000,'2014-05-05','0000-00-00 00:00:00','0000-00-00 00:00:00','0000-00-00 00:00:00'),(158,6,4,75000,'2014-05-06','0000-00-00 00:00:00','0000-00-00 00:00:00','0000-00-00 00:00:00'),(159,7,4,85000,'2014-05-07','0000-00-00 00:00:00','0000-00-00 00:00:00','0000-00-00 00:00:00'),(160,8,4,95000,'2014-05-08','0000-00-00 00:00:00','0000-00-00 00:00:00','0000-00-00 00:00:00'),(161,9,4,105000,'2014-05-09','0000-00-00 00:00:00','0000-00-00 00:00:00','0000-00-00 00:00:00'),(162,10,4,115000,'2014-05-10','0000-00-00 00:00:00','0000-00-00 00:00:00','0000-00-00 00:00:00'),(163,11,4,125000,'2014-05-11','0000-00-00 00:00:00','0000-00-00 00:00:00','0000-00-00 00:00:00'),(164,12,4,135000,'2014-05-12','0000-00-00 00:00:00','0000-00-00 00:00:00','0000-00-00 00:00:00'),(165,13,4,145000,'2014-05-13','0000-00-00 00:00:00','0000-00-00 00:00:00','0000-00-00 00:00:00'),(166,14,4,155000,'2014-05-14','0000-00-00 00:00:00','0000-00-00 00:00:00','0000-00-00 00:00:00'),(167,15,4,165000,'2014-05-15','0000-00-00 00:00:00','0000-00-00 00:00:00','0000-00-00 00:00:00'),(168,16,4,175000,'2014-05-16','0000-00-00 00:00:00','0000-00-00 00:00:00','0000-00-00 00:00:00'),(169,17,4,185000,'2014-05-17','0000-00-00 00:00:00','0000-00-00 00:00:00','0000-00-00 00:00:00'),(170,18,4,195000,'2014-05-18','0000-00-00 00:00:00','0000-00-00 00:00:00','0000-00-00 00:00:00'),(171,19,4,205000,'2014-05-19','0000-00-00 00:00:00','0000-00-00 00:00:00','0000-00-00 00:00:00'),(173,2,5,-6000,'2014-05-02','0000-00-00 00:00:00','0000-00-00 00:00:00','0000-00-00 00:00:00'),(174,3,5,-7000,'2014-05-03','0000-00-00 00:00:00','0000-00-00 00:00:00','0000-00-00 00:00:00'),(175,4,5,-8000,'2014-05-04','0000-00-00 00:00:00','0000-00-00 00:00:00','0000-00-00 00:00:00'),(176,5,5,-9000,'2014-05-05','0000-00-00 00:00:00','0000-00-00 00:00:00','0000-00-00 00:00:00'),(177,6,5,-10000,'2014-05-06','0000-00-00 00:00:00','0000-00-00 00:00:00','0000-00-00 00:00:00'),(178,7,5,-11000,'2014-05-07','0000-00-00 00:00:00','0000-00-00 00:00:00','0000-00-00 00:00:00'),(179,8,5,-12000,'2014-05-08','0000-00-00 00:00:00','0000-00-00 00:00:00','0000-00-00 00:00:00'),(180,9,5,-13000,'2014-05-09','0000-00-00 00:00:00','0000-00-00 00:00:00','0000-00-00 00:00:00'),(181,10,5,-14000,'2014-05-10','0000-00-00 00:00:00','0000-00-00 00:00:00','0000-00-00 00:00:00'),(182,11,5,-15000,'2014-05-11','0000-00-00 00:00:00','0000-00-00 00:00:00','0000-00-00 00:00:00'),(183,12,5,-16000,'2014-05-12','0000-00-00 00:00:00','0000-00-00 00:00:00','0000-00-00 00:00:00'),(184,13,5,-17000,'2014-05-13','0000-00-00 00:00:00','0000-00-00 00:00:00','0000-00-00 00:00:00'),(185,14,5,-18000,'2014-05-14','0000-00-00 00:00:00','0000-00-00 00:00:00','0000-00-00 00:00:00'),(186,15,5,-19000,'2014-05-15','0000-00-00 00:00:00','0000-00-00 00:00:00','0000-00-00 00:00:00'),(187,16,5,-20000,'2014-05-16','0000-00-00 00:00:00','0000-00-00 00:00:00','0000-00-00 00:00:00'),(188,17,5,-21000,'2014-05-17','0000-00-00 00:00:00','0000-00-00 00:00:00','0000-00-00 00:00:00'),(189,18,5,-22000,'2014-05-18','0000-00-00 00:00:00','0000-00-00 00:00:00','0000-00-00 00:00:00'),(190,19,5,-23000,'2014-05-19','0000-00-00 00:00:00','0000-00-00 00:00:00','0000-00-00 00:00:00'),(234,1,1,20000,'2014-05-01','0000-00-00 00:00:00','0000-00-00 00:00:00','0000-00-00 00:00:00'),(235,1,2,15000,'2014-05-01','0000-00-00 00:00:00','0000-00-00 00:00:00','0000-00-00 00:00:00'),(236,1,3,20000,'2014-05-01','0000-00-00 00:00:00','0000-00-00 00:00:00','0000-00-00 00:00:00'),(237,1,4,25000,'2014-05-01','0000-00-00 00:00:00','0000-00-00 00:00:00','0000-00-00 00:00:00'),(240,1,5,-5000,'2014-05-01','0000-00-00 00:00:00','0000-00-00 00:00:00','0000-00-00 00:00:00'),(264,2,1,25000,'2014-06-02','0000-00-00 00:00:00','0000-00-00 00:00:00','0000-00-00 00:00:00'),(265,3,1,35000,'2014-06-03','0000-00-00 00:00:00','0000-00-00 00:00:00','0000-00-00 00:00:00'),(266,4,1,45000,'2014-06-04','0000-00-00 00:00:00','0000-00-00 00:00:00','0000-00-00 00:00:00'),(267,5,1,55000,'2014-06-05','0000-00-00 00:00:00','0000-00-00 00:00:00','0000-00-00 00:00:00'),(268,6,1,65000,'2014-06-06','0000-00-00 00:00:00','0000-00-00 00:00:00','0000-00-00 00:00:00'),(269,7,1,75000,'2014-06-07','0000-00-00 00:00:00','0000-00-00 00:00:00','0000-00-00 00:00:00'),(270,8,1,85000,'2014-06-08','0000-00-00 00:00:00','0000-00-00 00:00:00','0000-00-00 00:00:00'),(271,9,1,95000,'2014-06-09','0000-00-00 00:00:00','0000-00-00 00:00:00','0000-00-00 00:00:00'),(272,10,1,105000,'2014-06-10','0000-00-00 00:00:00','0000-00-00 00:00:00','0000-00-00 00:00:00'),(273,11,1,115000,'2014-06-11','0000-00-00 00:00:00','0000-00-00 00:00:00','0000-00-00 00:00:00'),(274,12,1,125000,'2014-06-12','0000-00-00 00:00:00','0000-00-00 00:00:00','0000-00-00 00:00:00'),(275,13,1,135000,'2014-06-13','0000-00-00 00:00:00','0000-00-00 00:00:00','0000-00-00 00:00:00'),(276,14,1,145000,'2014-06-14','0000-00-00 00:00:00','0000-00-00 00:00:00','0000-00-00 00:00:00'),(277,15,1,155000,'2014-06-15','0000-00-00 00:00:00','0000-00-00 00:00:00','0000-00-00 00:00:00'),(278,16,1,165000,'2014-06-16','0000-00-00 00:00:00','0000-00-00 00:00:00','0000-00-00 00:00:00'),(279,17,1,175000,'2014-06-17','0000-00-00 00:00:00','0000-00-00 00:00:00','0000-00-00 00:00:00'),(280,18,1,185000,'2014-06-18','0000-00-00 00:00:00','0000-00-00 00:00:00','0000-00-00 00:00:00'),(281,19,1,195000,'2014-06-19','0000-00-00 00:00:00','0000-00-00 00:00:00','0000-00-00 00:00:00'),(282,2,2,30000,'2014-06-02','0000-00-00 00:00:00','0000-00-00 00:00:00','0000-00-00 00:00:00'),(283,3,2,40000,'2014-06-03','0000-00-00 00:00:00','0000-00-00 00:00:00','0000-00-00 00:00:00'),(284,4,2,50000,'2014-06-04','0000-00-00 00:00:00','0000-00-00 00:00:00','0000-00-00 00:00:00'),(285,5,2,60000,'2014-06-05','0000-00-00 00:00:00','0000-00-00 00:00:00','0000-00-00 00:00:00'),(286,6,2,70000,'2014-06-06','0000-00-00 00:00:00','0000-00-00 00:00:00','0000-00-00 00:00:00'),(287,7,2,80000,'2014-06-07','0000-00-00 00:00:00','0000-00-00 00:00:00','0000-00-00 00:00:00'),(288,8,2,90000,'2014-06-08','0000-00-00 00:00:00','0000-00-00 00:00:00','0000-00-00 00:00:00'),(289,9,2,100000,'2014-06-09','0000-00-00 00:00:00','0000-00-00 00:00:00','0000-00-00 00:00:00'),(290,10,2,110000,'2014-06-10','0000-00-00 00:00:00','0000-00-00 00:00:00','0000-00-00 00:00:00'),(291,11,2,120000,'2014-06-11','0000-00-00 00:00:00','0000-00-00 00:00:00','0000-00-00 00:00:00'),(292,12,2,130000,'2014-06-12','0000-00-00 00:00:00','0000-00-00 00:00:00','0000-00-00 00:00:00'),(293,13,2,140000,'2014-06-13','0000-00-00 00:00:00','0000-00-00 00:00:00','0000-00-00 00:00:00'),(294,14,2,150000,'2014-06-14','0000-00-00 00:00:00','0000-00-00 00:00:00','0000-00-00 00:00:00'),(295,15,2,160000,'2014-06-15','0000-00-00 00:00:00','0000-00-00 00:00:00','0000-00-00 00:00:00'),(296,16,2,170000,'2014-06-16','0000-00-00 00:00:00','0000-00-00 00:00:00','0000-00-00 00:00:00'),(297,17,2,180000,'2014-06-17','0000-00-00 00:00:00','0000-00-00 00:00:00','0000-00-00 00:00:00'),(298,18,2,190000,'2014-06-18','0000-00-00 00:00:00','0000-00-00 00:00:00','0000-00-00 00:00:00'),(299,19,2,200000,'2014-06-19','0000-00-00 00:00:00','0000-00-00 00:00:00','0000-00-00 00:00:00'),(300,2,3,35000,'2014-06-02','0000-00-00 00:00:00','0000-00-00 00:00:00','0000-00-00 00:00:00'),(301,3,3,45000,'2014-06-03','0000-00-00 00:00:00','0000-00-00 00:00:00','0000-00-00 00:00:00'),(302,4,3,55000,'2014-06-04','0000-00-00 00:00:00','0000-00-00 00:00:00','0000-00-00 00:00:00'),(303,5,3,65000,'2014-06-05','0000-00-00 00:00:00','0000-00-00 00:00:00','0000-00-00 00:00:00'),(304,6,3,75000,'2014-06-06','0000-00-00 00:00:00','0000-00-00 00:00:00','0000-00-00 00:00:00'),(305,7,3,85000,'2014-06-07','0000-00-00 00:00:00','0000-00-00 00:00:00','0000-00-00 00:00:00'),(306,8,3,95000,'2014-06-08','0000-00-00 00:00:00','0000-00-00 00:00:00','0000-00-00 00:00:00'),(307,9,3,105000,'2014-06-09','0000-00-00 00:00:00','0000-00-00 00:00:00','0000-00-00 00:00:00'),(308,10,3,115000,'2014-06-10','0000-00-00 00:00:00','0000-00-00 00:00:00','0000-00-00 00:00:00'),(309,11,3,125000,'2014-06-11','0000-00-00 00:00:00','0000-00-00 00:00:00','0000-00-00 00:00:00'),(310,12,3,135000,'2014-06-12','0000-00-00 00:00:00','0000-00-00 00:00:00','0000-00-00 00:00:00'),(311,13,3,145000,'2014-06-13','0000-00-00 00:00:00','0000-00-00 00:00:00','0000-00-00 00:00:00'),(312,14,3,155000,'2014-06-14','0000-00-00 00:00:00','0000-00-00 00:00:00','0000-00-00 00:00:00'),(313,15,3,165000,'2014-06-15','0000-00-00 00:00:00','0000-00-00 00:00:00','0000-00-00 00:00:00'),(314,16,3,175000,'2014-06-16','0000-00-00 00:00:00','0000-00-00 00:00:00','0000-00-00 00:00:00'),(315,17,3,185000,'2014-06-17','0000-00-00 00:00:00','0000-00-00 00:00:00','0000-00-00 00:00:00'),(316,18,3,195000,'2014-06-18','0000-00-00 00:00:00','0000-00-00 00:00:00','0000-00-00 00:00:00'),(317,19,3,205000,'2014-06-19','0000-00-00 00:00:00','0000-00-00 00:00:00','0000-00-00 00:00:00'),(318,2,4,40000,'2014-06-02','0000-00-00 00:00:00','0000-00-00 00:00:00','0000-00-00 00:00:00'),(319,3,4,50000,'2014-06-03','0000-00-00 00:00:00','0000-00-00 00:00:00','0000-00-00 00:00:00'),(320,4,4,60000,'2014-06-04','0000-00-00 00:00:00','0000-00-00 00:00:00','0000-00-00 00:00:00'),(321,5,4,70000,'2014-06-05','0000-00-00 00:00:00','0000-00-00 00:00:00','0000-00-00 00:00:00'),(322,6,4,80000,'2014-06-06','0000-00-00 00:00:00','0000-00-00 00:00:00','0000-00-00 00:00:00'),(323,7,4,90000,'2014-06-07','0000-00-00 00:00:00','0000-00-00 00:00:00','0000-00-00 00:00:00'),(324,8,4,100000,'2014-06-08','0000-00-00 00:00:00','0000-00-00 00:00:00','0000-00-00 00:00:00'),(325,9,4,110000,'2014-06-09','0000-00-00 00:00:00','0000-00-00 00:00:00','0000-00-00 00:00:00'),(326,10,4,120000,'2014-06-10','0000-00-00 00:00:00','0000-00-00 00:00:00','0000-00-00 00:00:00'),(327,11,4,130000,'2014-06-11','0000-00-00 00:00:00','0000-00-00 00:00:00','0000-00-00 00:00:00'),(328,12,4,140000,'2014-06-12','0000-00-00 00:00:00','0000-00-00 00:00:00','0000-00-00 00:00:00'),(329,13,4,150000,'2014-06-13','0000-00-00 00:00:00','0000-00-00 00:00:00','0000-00-00 00:00:00'),(330,14,4,160000,'2014-06-14','0000-00-00 00:00:00','0000-00-00 00:00:00','0000-00-00 00:00:00'),(331,15,4,170000,'2014-06-15','0000-00-00 00:00:00','0000-00-00 00:00:00','0000-00-00 00:00:00'),(332,16,4,180000,'2014-06-16','0000-00-00 00:00:00','0000-00-00 00:00:00','0000-00-00 00:00:00'),(333,17,4,190000,'2014-06-17','0000-00-00 00:00:00','0000-00-00 00:00:00','0000-00-00 00:00:00'),(334,18,4,200000,'2014-06-18','0000-00-00 00:00:00','0000-00-00 00:00:00','0000-00-00 00:00:00'),(335,19,4,210000,'2014-06-19','0000-00-00 00:00:00','0000-00-00 00:00:00','0000-00-00 00:00:00'),(336,2,5,-11000,'2014-06-02','0000-00-00 00:00:00','0000-00-00 00:00:00','0000-00-00 00:00:00'),(337,3,5,-12000,'2014-06-03','0000-00-00 00:00:00','0000-00-00 00:00:00','0000-00-00 00:00:00'),(338,4,5,-13000,'2014-06-04','0000-00-00 00:00:00','0000-00-00 00:00:00','0000-00-00 00:00:00'),(339,5,5,-14000,'2014-06-05','0000-00-00 00:00:00','0000-00-00 00:00:00','0000-00-00 00:00:00'),(340,6,5,-15000,'2014-06-06','0000-00-00 00:00:00','0000-00-00 00:00:00','0000-00-00 00:00:00'),(341,7,5,-16000,'2014-06-07','0000-00-00 00:00:00','0000-00-00 00:00:00','0000-00-00 00:00:00'),(342,8,5,-17000,'2014-06-08','0000-00-00 00:00:00','0000-00-00 00:00:00','0000-00-00 00:00:00'),(343,9,5,-18000,'2014-06-09','0000-00-00 00:00:00','0000-00-00 00:00:00','0000-00-00 00:00:00'),(344,10,5,-19000,'2014-06-10','0000-00-00 00:00:00','0000-00-00 00:00:00','0000-00-00 00:00:00'),(345,11,5,-20000,'2014-06-11','0000-00-00 00:00:00','0000-00-00 00:00:00','0000-00-00 00:00:00'),(346,12,5,-21000,'2014-06-12','0000-00-00 00:00:00','0000-00-00 00:00:00','0000-00-00 00:00:00'),(347,13,5,-22000,'2014-06-13','0000-00-00 00:00:00','0000-00-00 00:00:00','0000-00-00 00:00:00'),(348,14,5,-23000,'2014-06-14','0000-00-00 00:00:00','0000-00-00 00:00:00','0000-00-00 00:00:00'),(349,15,5,-24000,'2014-06-15','0000-00-00 00:00:00','0000-00-00 00:00:00','0000-00-00 00:00:00'),(350,16,5,-25000,'2014-06-16','0000-00-00 00:00:00','0000-00-00 00:00:00','0000-00-00 00:00:00'),(351,17,5,-26000,'2014-06-17','0000-00-00 00:00:00','0000-00-00 00:00:00','0000-00-00 00:00:00'),(352,18,5,-27000,'2014-06-18','0000-00-00 00:00:00','0000-00-00 00:00:00','0000-00-00 00:00:00'),(353,19,5,-28000,'2014-06-19','0000-00-00 00:00:00','0000-00-00 00:00:00','0000-00-00 00:00:00'),(354,1,1,25000,'2014-06-01','0000-00-00 00:00:00','0000-00-00 00:00:00','0000-00-00 00:00:00'),(355,1,2,20000,'2014-06-01','0000-00-00 00:00:00','0000-00-00 00:00:00','0000-00-00 00:00:00'),(356,1,3,25000,'2014-06-01','0000-00-00 00:00:00','0000-00-00 00:00:00','0000-00-00 00:00:00'),(357,1,4,30000,'2014-06-01','0000-00-00 00:00:00','0000-00-00 00:00:00','0000-00-00 00:00:00'),(358,1,5,-10000,'2014-06-01','0000-00-00 00:00:00','0000-00-00 00:00:00','0000-00-00 00:00:00'),(359,2,1,27000,'2014-07-02','0000-00-00 00:00:00','0000-00-00 00:00:00','0000-00-00 00:00:00'),(360,3,1,37000,'2014-07-03','0000-00-00 00:00:00','0000-00-00 00:00:00','0000-00-00 00:00:00'),(361,4,1,47000,'2014-07-04','0000-00-00 00:00:00','0000-00-00 00:00:00','0000-00-00 00:00:00'),(362,5,1,57000,'2014-07-05','0000-00-00 00:00:00','0000-00-00 00:00:00','0000-00-00 00:00:00'),(363,6,1,67000,'2014-07-06','0000-00-00 00:00:00','0000-00-00 00:00:00','0000-00-00 00:00:00'),(364,7,1,77000,'2014-07-07','0000-00-00 00:00:00','0000-00-00 00:00:00','0000-00-00 00:00:00'),(365,8,1,87000,'2014-07-08','0000-00-00 00:00:00','0000-00-00 00:00:00','0000-00-00 00:00:00'),(366,9,1,97000,'2014-07-09','0000-00-00 00:00:00','0000-00-00 00:00:00','0000-00-00 00:00:00'),(367,10,1,107000,'2014-07-10','0000-00-00 00:00:00','0000-00-00 00:00:00','0000-00-00 00:00:00'),(368,11,1,117000,'2014-07-11','0000-00-00 00:00:00','0000-00-00 00:00:00','0000-00-00 00:00:00'),(369,12,1,127000,'2014-07-12','0000-00-00 00:00:00','0000-00-00 00:00:00','0000-00-00 00:00:00'),(370,13,1,137000,'2014-07-13','0000-00-00 00:00:00','0000-00-00 00:00:00','0000-00-00 00:00:00'),(371,14,1,147000,'2014-07-14','0000-00-00 00:00:00','0000-00-00 00:00:00','0000-00-00 00:00:00'),(372,15,1,157000,'2014-07-15','0000-00-00 00:00:00','0000-00-00 00:00:00','0000-00-00 00:00:00'),(373,16,1,167000,'2014-07-16','0000-00-00 00:00:00','0000-00-00 00:00:00','0000-00-00 00:00:00'),(374,17,1,177000,'2014-07-17','0000-00-00 00:00:00','0000-00-00 00:00:00','0000-00-00 00:00:00'),(375,18,1,187000,'2014-07-18','0000-00-00 00:00:00','0000-00-00 00:00:00','0000-00-00 00:00:00'),(376,19,1,197000,'2014-07-19','0000-00-00 00:00:00','0000-00-00 00:00:00','0000-00-00 00:00:00'),(377,2,2,32000,'2014-07-02','0000-00-00 00:00:00','0000-00-00 00:00:00','0000-00-00 00:00:00'),(378,3,2,42000,'2014-07-03','0000-00-00 00:00:00','0000-00-00 00:00:00','0000-00-00 00:00:00'),(379,4,2,52000,'2014-07-04','0000-00-00 00:00:00','0000-00-00 00:00:00','0000-00-00 00:00:00'),(380,5,2,62000,'2014-07-05','0000-00-00 00:00:00','0000-00-00 00:00:00','0000-00-00 00:00:00'),(381,6,2,72000,'2014-07-06','0000-00-00 00:00:00','0000-00-00 00:00:00','0000-00-00 00:00:00'),(382,7,2,82000,'2014-07-07','0000-00-00 00:00:00','0000-00-00 00:00:00','0000-00-00 00:00:00'),(383,8,2,92000,'2014-07-08','0000-00-00 00:00:00','0000-00-00 00:00:00','0000-00-00 00:00:00'),(384,9,2,102000,'2014-07-09','0000-00-00 00:00:00','0000-00-00 00:00:00','0000-00-00 00:00:00'),(385,10,2,112000,'2014-07-10','0000-00-00 00:00:00','0000-00-00 00:00:00','0000-00-00 00:00:00'),(386,11,2,122000,'2014-07-11','0000-00-00 00:00:00','0000-00-00 00:00:00','0000-00-00 00:00:00'),(387,12,2,132000,'2014-07-12','0000-00-00 00:00:00','0000-00-00 00:00:00','0000-00-00 00:00:00'),(388,13,2,142000,'2014-07-13','0000-00-00 00:00:00','0000-00-00 00:00:00','0000-00-00 00:00:00'),(389,14,2,152000,'2014-07-14','0000-00-00 00:00:00','0000-00-00 00:00:00','0000-00-00 00:00:00'),(390,15,2,162000,'2014-07-15','0000-00-00 00:00:00','0000-00-00 00:00:00','0000-00-00 00:00:00'),(391,16,2,172000,'2014-07-16','0000-00-00 00:00:00','0000-00-00 00:00:00','0000-00-00 00:00:00'),(392,17,2,182000,'2014-07-17','0000-00-00 00:00:00','0000-00-00 00:00:00','0000-00-00 00:00:00'),(393,18,2,192000,'2014-07-18','0000-00-00 00:00:00','0000-00-00 00:00:00','0000-00-00 00:00:00'),(394,19,2,202000,'2014-07-19','0000-00-00 00:00:00','0000-00-00 00:00:00','0000-00-00 00:00:00'),(395,2,3,37000,'2014-07-02','0000-00-00 00:00:00','0000-00-00 00:00:00','0000-00-00 00:00:00'),(396,3,3,47000,'2014-07-03','0000-00-00 00:00:00','0000-00-00 00:00:00','0000-00-00 00:00:00'),(397,4,3,57000,'2014-07-04','0000-00-00 00:00:00','0000-00-00 00:00:00','0000-00-00 00:00:00'),(398,5,3,67000,'2014-07-05','0000-00-00 00:00:00','0000-00-00 00:00:00','0000-00-00 00:00:00'),(399,6,3,77000,'2014-07-06','0000-00-00 00:00:00','0000-00-00 00:00:00','0000-00-00 00:00:00'),(400,7,3,87000,'2014-07-07','0000-00-00 00:00:00','0000-00-00 00:00:00','0000-00-00 00:00:00'),(401,8,3,97000,'2014-07-08','0000-00-00 00:00:00','0000-00-00 00:00:00','0000-00-00 00:00:00'),(402,9,3,107000,'2014-07-09','0000-00-00 00:00:00','0000-00-00 00:00:00','0000-00-00 00:00:00'),(403,10,3,117000,'2014-07-10','0000-00-00 00:00:00','0000-00-00 00:00:00','0000-00-00 00:00:00'),(404,11,3,127000,'2014-07-11','0000-00-00 00:00:00','0000-00-00 00:00:00','0000-00-00 00:00:00'),(405,12,3,137000,'2014-07-12','0000-00-00 00:00:00','0000-00-00 00:00:00','0000-00-00 00:00:00'),(406,13,3,147000,'2014-07-13','0000-00-00 00:00:00','0000-00-00 00:00:00','0000-00-00 00:00:00'),(407,14,3,157000,'2014-07-14','0000-00-00 00:00:00','0000-00-00 00:00:00','0000-00-00 00:00:00'),(408,15,3,167000,'2014-07-15','0000-00-00 00:00:00','0000-00-00 00:00:00','0000-00-00 00:00:00'),(409,16,3,177000,'2014-07-16','0000-00-00 00:00:00','0000-00-00 00:00:00','0000-00-00 00:00:00'),(410,17,3,187000,'2014-07-17','0000-00-00 00:00:00','0000-00-00 00:00:00','0000-00-00 00:00:00'),(411,18,3,197000,'2014-07-18','0000-00-00 00:00:00','0000-00-00 00:00:00','0000-00-00 00:00:00'),(412,19,3,207000,'2014-07-19','0000-00-00 00:00:00','0000-00-00 00:00:00','0000-00-00 00:00:00'),(413,2,4,42000,'2014-07-02','0000-00-00 00:00:00','0000-00-00 00:00:00','0000-00-00 00:00:00'),(414,3,4,52000,'2014-07-03','0000-00-00 00:00:00','0000-00-00 00:00:00','0000-00-00 00:00:00'),(415,4,4,62000,'2014-07-04','0000-00-00 00:00:00','0000-00-00 00:00:00','0000-00-00 00:00:00'),(416,5,4,72000,'2014-07-05','0000-00-00 00:00:00','0000-00-00 00:00:00','0000-00-00 00:00:00'),(417,6,4,82000,'2014-07-06','0000-00-00 00:00:00','0000-00-00 00:00:00','0000-00-00 00:00:00'),(418,7,4,92000,'2014-07-07','0000-00-00 00:00:00','0000-00-00 00:00:00','0000-00-00 00:00:00'),(419,8,4,102000,'2014-07-08','0000-00-00 00:00:00','0000-00-00 00:00:00','0000-00-00 00:00:00'),(420,9,4,112000,'2014-07-09','0000-00-00 00:00:00','0000-00-00 00:00:00','0000-00-00 00:00:00'),(421,10,4,122000,'2014-07-10','0000-00-00 00:00:00','0000-00-00 00:00:00','0000-00-00 00:00:00'),(422,11,4,132000,'2014-07-11','0000-00-00 00:00:00','0000-00-00 00:00:00','0000-00-00 00:00:00'),(423,12,4,142000,'2014-07-12','0000-00-00 00:00:00','0000-00-00 00:00:00','0000-00-00 00:00:00'),(424,13,4,152000,'2014-07-13','0000-00-00 00:00:00','0000-00-00 00:00:00','0000-00-00 00:00:00'),(425,14,4,162000,'2014-07-14','0000-00-00 00:00:00','0000-00-00 00:00:00','0000-00-00 00:00:00'),(426,15,4,172000,'2014-07-15','0000-00-00 00:00:00','0000-00-00 00:00:00','0000-00-00 00:00:00'),(427,16,4,182000,'2014-07-16','0000-00-00 00:00:00','0000-00-00 00:00:00','0000-00-00 00:00:00'),(428,17,4,192000,'2014-07-17','0000-00-00 00:00:00','0000-00-00 00:00:00','0000-00-00 00:00:00'),(429,18,4,202000,'2014-07-18','0000-00-00 00:00:00','0000-00-00 00:00:00','0000-00-00 00:00:00'),(430,19,4,212000,'2014-07-19','0000-00-00 00:00:00','0000-00-00 00:00:00','0000-00-00 00:00:00'),(431,2,5,-13000,'2014-07-02','0000-00-00 00:00:00','0000-00-00 00:00:00','0000-00-00 00:00:00'),(432,3,5,-14000,'2014-07-03','0000-00-00 00:00:00','0000-00-00 00:00:00','0000-00-00 00:00:00'),(433,4,5,-15000,'2014-07-04','0000-00-00 00:00:00','0000-00-00 00:00:00','0000-00-00 00:00:00'),(434,5,5,-16000,'2014-07-05','0000-00-00 00:00:00','0000-00-00 00:00:00','0000-00-00 00:00:00'),(435,6,5,-17000,'2014-07-06','0000-00-00 00:00:00','0000-00-00 00:00:00','0000-00-00 00:00:00'),(436,7,5,-18000,'2014-07-07','0000-00-00 00:00:00','0000-00-00 00:00:00','0000-00-00 00:00:00'),(437,8,5,-19000,'2014-07-08','0000-00-00 00:00:00','0000-00-00 00:00:00','0000-00-00 00:00:00'),(438,9,5,-20000,'2014-07-09','0000-00-00 00:00:00','0000-00-00 00:00:00','0000-00-00 00:00:00'),(439,10,5,-21000,'2014-07-10','0000-00-00 00:00:00','0000-00-00 00:00:00','0000-00-00 00:00:00'),(440,11,5,-22000,'2014-07-11','0000-00-00 00:00:00','0000-00-00 00:00:00','0000-00-00 00:00:00'),(441,12,5,-23000,'2014-07-12','0000-00-00 00:00:00','0000-00-00 00:00:00','0000-00-00 00:00:00'),(442,13,5,-24000,'2014-07-13','0000-00-00 00:00:00','0000-00-00 00:00:00','0000-00-00 00:00:00'),(443,14,5,-25000,'2014-07-14','0000-00-00 00:00:00','0000-00-00 00:00:00','0000-00-00 00:00:00'),(444,15,5,-26000,'2014-07-15','0000-00-00 00:00:00','0000-00-00 00:00:00','0000-00-00 00:00:00'),(445,16,5,-27000,'2014-07-16','0000-00-00 00:00:00','0000-00-00 00:00:00','0000-00-00 00:00:00'),(446,17,5,-28000,'2014-07-17','0000-00-00 00:00:00','0000-00-00 00:00:00','0000-00-00 00:00:00'),(447,18,5,-29000,'2014-07-18','0000-00-00 00:00:00','0000-00-00 00:00:00','0000-00-00 00:00:00'),(448,19,5,-30000,'2014-07-19','0000-00-00 00:00:00','0000-00-00 00:00:00','0000-00-00 00:00:00'),(449,1,1,27000,'2014-07-01','0000-00-00 00:00:00','0000-00-00 00:00:00','0000-00-00 00:00:00'),(450,1,2,22000,'2014-07-01','0000-00-00 00:00:00','0000-00-00 00:00:00','0000-00-00 00:00:00'),(451,1,3,27000,'2014-07-01','0000-00-00 00:00:00','0000-00-00 00:00:00','0000-00-00 00:00:00'),(452,1,4,32000,'2014-07-01','0000-00-00 00:00:00','0000-00-00 00:00:00','0000-00-00 00:00:00'),(453,1,5,-12000,'2014-07-01','0000-00-00 00:00:00','0000-00-00 00:00:00','0000-00-00 00:00:00'),(454,2,1,39000,'2014-08-02','0000-00-00 00:00:00','0000-00-00 00:00:00','0000-00-00 00:00:00'),(455,3,1,49000,'2014-08-03','0000-00-00 00:00:00','0000-00-00 00:00:00','0000-00-00 00:00:00'),(456,4,1,59000,'2014-08-04','0000-00-00 00:00:00','0000-00-00 00:00:00','0000-00-00 00:00:00'),(457,5,1,69000,'2014-08-05','0000-00-00 00:00:00','0000-00-00 00:00:00','0000-00-00 00:00:00'),(458,6,1,79000,'2014-08-06','0000-00-00 00:00:00','0000-00-00 00:00:00','0000-00-00 00:00:00'),(459,7,1,89000,'2014-08-07','0000-00-00 00:00:00','0000-00-00 00:00:00','0000-00-00 00:00:00'),(460,8,1,99000,'2014-08-08','0000-00-00 00:00:00','0000-00-00 00:00:00','0000-00-00 00:00:00'),(461,9,1,109000,'2014-08-09','0000-00-00 00:00:00','0000-00-00 00:00:00','0000-00-00 00:00:00'),(462,10,1,119000,'2014-08-10','0000-00-00 00:00:00','0000-00-00 00:00:00','0000-00-00 00:00:00'),(463,11,1,129000,'2014-08-11','0000-00-00 00:00:00','0000-00-00 00:00:00','0000-00-00 00:00:00'),(464,12,1,139000,'2014-08-12','0000-00-00 00:00:00','0000-00-00 00:00:00','0000-00-00 00:00:00'),(465,13,1,149000,'2014-08-13','0000-00-00 00:00:00','0000-00-00 00:00:00','0000-00-00 00:00:00'),(466,14,1,159000,'2014-08-14','0000-00-00 00:00:00','0000-00-00 00:00:00','0000-00-00 00:00:00'),(467,15,1,169000,'2014-08-15','0000-00-00 00:00:00','0000-00-00 00:00:00','0000-00-00 00:00:00'),(468,16,1,179000,'2014-08-16','0000-00-00 00:00:00','0000-00-00 00:00:00','0000-00-00 00:00:00'),(469,17,1,189000,'2014-08-17','0000-00-00 00:00:00','0000-00-00 00:00:00','0000-00-00 00:00:00'),(470,18,1,199000,'2014-08-18','0000-00-00 00:00:00','0000-00-00 00:00:00','0000-00-00 00:00:00'),(471,19,1,209000,'2014-08-19','0000-00-00 00:00:00','0000-00-00 00:00:00','0000-00-00 00:00:00'),(472,2,2,44000,'2014-08-02','0000-00-00 00:00:00','0000-00-00 00:00:00','0000-00-00 00:00:00'),(473,3,2,54000,'2014-08-03','0000-00-00 00:00:00','0000-00-00 00:00:00','0000-00-00 00:00:00'),(474,4,2,64000,'2014-08-04','0000-00-00 00:00:00','0000-00-00 00:00:00','0000-00-00 00:00:00'),(475,5,2,74000,'2014-08-05','0000-00-00 00:00:00','0000-00-00 00:00:00','0000-00-00 00:00:00'),(476,6,2,84000,'2014-08-06','0000-00-00 00:00:00','0000-00-00 00:00:00','0000-00-00 00:00:00'),(477,7,2,94000,'2014-08-07','0000-00-00 00:00:00','0000-00-00 00:00:00','0000-00-00 00:00:00'),(478,8,2,104000,'2014-08-08','0000-00-00 00:00:00','0000-00-00 00:00:00','0000-00-00 00:00:00'),(479,9,2,114000,'2014-08-09','0000-00-00 00:00:00','0000-00-00 00:00:00','0000-00-00 00:00:00'),(480,10,2,124000,'2014-08-10','0000-00-00 00:00:00','0000-00-00 00:00:00','0000-00-00 00:00:00'),(481,11,2,134000,'2014-08-11','0000-00-00 00:00:00','0000-00-00 00:00:00','0000-00-00 00:00:00'),(482,12,2,144000,'2014-08-12','0000-00-00 00:00:00','0000-00-00 00:00:00','0000-00-00 00:00:00'),(483,13,2,154000,'2014-08-13','0000-00-00 00:00:00','0000-00-00 00:00:00','0000-00-00 00:00:00'),(484,14,2,164000,'2014-08-14','0000-00-00 00:00:00','0000-00-00 00:00:00','0000-00-00 00:00:00'),(485,15,2,174000,'2014-08-15','0000-00-00 00:00:00','0000-00-00 00:00:00','0000-00-00 00:00:00'),(486,16,2,184000,'2014-08-16','0000-00-00 00:00:00','0000-00-00 00:00:00','0000-00-00 00:00:00'),(487,17,2,194000,'2014-08-17','0000-00-00 00:00:00','0000-00-00 00:00:00','0000-00-00 00:00:00'),(488,18,2,204000,'2014-08-18','0000-00-00 00:00:00','0000-00-00 00:00:00','0000-00-00 00:00:00'),(489,19,2,214000,'2014-08-19','0000-00-00 00:00:00','0000-00-00 00:00:00','0000-00-00 00:00:00'),(490,2,3,49000,'2014-08-02','0000-00-00 00:00:00','0000-00-00 00:00:00','0000-00-00 00:00:00'),(491,3,3,59000,'2014-08-03','0000-00-00 00:00:00','0000-00-00 00:00:00','0000-00-00 00:00:00'),(492,4,3,69000,'2014-08-04','0000-00-00 00:00:00','0000-00-00 00:00:00','0000-00-00 00:00:00'),(493,5,3,79000,'2014-08-05','0000-00-00 00:00:00','0000-00-00 00:00:00','0000-00-00 00:00:00'),(494,6,3,89000,'2014-08-06','0000-00-00 00:00:00','0000-00-00 00:00:00','0000-00-00 00:00:00'),(495,7,3,99000,'2014-08-07','0000-00-00 00:00:00','0000-00-00 00:00:00','0000-00-00 00:00:00'),(496,8,3,109000,'2014-08-08','0000-00-00 00:00:00','0000-00-00 00:00:00','0000-00-00 00:00:00'),(497,9,3,119000,'2014-08-09','0000-00-00 00:00:00','0000-00-00 00:00:00','0000-00-00 00:00:00'),(498,10,3,129000,'2014-08-10','0000-00-00 00:00:00','0000-00-00 00:00:00','0000-00-00 00:00:00'),(499,11,3,139000,'2014-08-11','0000-00-00 00:00:00','0000-00-00 00:00:00','0000-00-00 00:00:00'),(500,12,3,149000,'2014-08-12','0000-00-00 00:00:00','0000-00-00 00:00:00','0000-00-00 00:00:00'),(501,13,3,159000,'2014-08-13','0000-00-00 00:00:00','0000-00-00 00:00:00','0000-00-00 00:00:00'),(502,14,3,169000,'2014-08-14','0000-00-00 00:00:00','0000-00-00 00:00:00','0000-00-00 00:00:00'),(503,15,3,179000,'2014-08-15','0000-00-00 00:00:00','0000-00-00 00:00:00','0000-00-00 00:00:00'),(504,16,3,189000,'2014-08-16','0000-00-00 00:00:00','0000-00-00 00:00:00','0000-00-00 00:00:00'),(505,17,3,199000,'2014-08-17','0000-00-00 00:00:00','0000-00-00 00:00:00','0000-00-00 00:00:00'),(506,18,3,209000,'2014-08-18','0000-00-00 00:00:00','0000-00-00 00:00:00','0000-00-00 00:00:00'),(507,19,3,219000,'2014-08-19','0000-00-00 00:00:00','0000-00-00 00:00:00','0000-00-00 00:00:00'),(508,2,4,54000,'2014-08-02','0000-00-00 00:00:00','0000-00-00 00:00:00','0000-00-00 00:00:00'),(509,3,4,64000,'2014-08-03','0000-00-00 00:00:00','0000-00-00 00:00:00','0000-00-00 00:00:00'),(510,4,4,74000,'2014-08-04','0000-00-00 00:00:00','0000-00-00 00:00:00','0000-00-00 00:00:00'),(511,5,4,84000,'2014-08-05','0000-00-00 00:00:00','0000-00-00 00:00:00','0000-00-00 00:00:00'),(512,6,4,94000,'2014-08-06','0000-00-00 00:00:00','0000-00-00 00:00:00','0000-00-00 00:00:00'),(513,7,4,104000,'2014-08-07','0000-00-00 00:00:00','0000-00-00 00:00:00','0000-00-00 00:00:00'),(514,8,4,114000,'2014-08-08','0000-00-00 00:00:00','0000-00-00 00:00:00','0000-00-00 00:00:00'),(515,9,4,124000,'2014-08-09','0000-00-00 00:00:00','0000-00-00 00:00:00','0000-00-00 00:00:00'),(516,10,4,134000,'2014-08-10','0000-00-00 00:00:00','0000-00-00 00:00:00','0000-00-00 00:00:00'),(517,11,4,144000,'2014-08-11','0000-00-00 00:00:00','0000-00-00 00:00:00','0000-00-00 00:00:00'),(518,12,4,154000,'2014-08-12','0000-00-00 00:00:00','0000-00-00 00:00:00','0000-00-00 00:00:00'),(519,13,4,164000,'2014-08-13','0000-00-00 00:00:00','0000-00-00 00:00:00','0000-00-00 00:00:00'),(520,14,4,174000,'2014-08-14','0000-00-00 00:00:00','0000-00-00 00:00:00','0000-00-00 00:00:00'),(521,15,4,184000,'2014-08-15','0000-00-00 00:00:00','0000-00-00 00:00:00','0000-00-00 00:00:00'),(522,16,4,194000,'2014-08-16','0000-00-00 00:00:00','0000-00-00 00:00:00','0000-00-00 00:00:00'),(523,17,4,204000,'2014-08-17','0000-00-00 00:00:00','0000-00-00 00:00:00','0000-00-00 00:00:00'),(524,18,4,214000,'2014-08-18','0000-00-00 00:00:00','0000-00-00 00:00:00','0000-00-00 00:00:00'),(525,19,4,224000,'2014-08-19','0000-00-00 00:00:00','0000-00-00 00:00:00','0000-00-00 00:00:00'),(526,2,5,-25000,'2014-08-02','0000-00-00 00:00:00','0000-00-00 00:00:00','0000-00-00 00:00:00'),(527,3,5,-26000,'2014-08-03','0000-00-00 00:00:00','0000-00-00 00:00:00','0000-00-00 00:00:00'),(528,4,5,-27000,'2014-08-04','0000-00-00 00:00:00','0000-00-00 00:00:00','0000-00-00 00:00:00'),(529,5,5,-28000,'2014-08-05','0000-00-00 00:00:00','0000-00-00 00:00:00','0000-00-00 00:00:00'),(530,6,5,-29000,'2014-08-06','0000-00-00 00:00:00','0000-00-00 00:00:00','0000-00-00 00:00:00'),(531,7,5,-30000,'2014-08-07','0000-00-00 00:00:00','0000-00-00 00:00:00','0000-00-00 00:00:00'),(532,8,5,-31000,'2014-08-08','0000-00-00 00:00:00','0000-00-00 00:00:00','0000-00-00 00:00:00'),(533,9,5,-32000,'2014-08-09','0000-00-00 00:00:00','0000-00-00 00:00:00','0000-00-00 00:00:00'),(534,10,5,-33000,'2014-08-10','0000-00-00 00:00:00','0000-00-00 00:00:00','0000-00-00 00:00:00'),(535,11,5,-34000,'2014-08-11','0000-00-00 00:00:00','0000-00-00 00:00:00','0000-00-00 00:00:00'),(536,12,5,-35000,'2014-08-12','0000-00-00 00:00:00','0000-00-00 00:00:00','0000-00-00 00:00:00'),(537,13,5,-36000,'2014-08-13','0000-00-00 00:00:00','0000-00-00 00:00:00','0000-00-00 00:00:00'),(538,14,5,-37000,'2014-08-14','0000-00-00 00:00:00','0000-00-00 00:00:00','0000-00-00 00:00:00'),(539,15,5,-38000,'2014-08-15','0000-00-00 00:00:00','0000-00-00 00:00:00','0000-00-00 00:00:00'),(540,16,5,-39000,'2014-08-16','0000-00-00 00:00:00','0000-00-00 00:00:00','0000-00-00 00:00:00'),(541,17,5,-40000,'2014-08-17','0000-00-00 00:00:00','0000-00-00 00:00:00','0000-00-00 00:00:00'),(542,18,5,-41000,'2014-08-18','0000-00-00 00:00:00','0000-00-00 00:00:00','0000-00-00 00:00:00'),(543,19,5,-42000,'2014-08-19','0000-00-00 00:00:00','0000-00-00 00:00:00','0000-00-00 00:00:00'),(544,1,1,39000,'2014-08-01','0000-00-00 00:00:00','0000-00-00 00:00:00','0000-00-00 00:00:00'),(545,1,2,34000,'2014-08-01','0000-00-00 00:00:00','0000-00-00 00:00:00','0000-00-00 00:00:00'),(546,1,3,39000,'2014-08-01','0000-00-00 00:00:00','0000-00-00 00:00:00','0000-00-00 00:00:00'),(547,1,4,44000,'2014-08-01','0000-00-00 00:00:00','0000-00-00 00:00:00','0000-00-00 00:00:00'),(548,1,5,24000,'2014-08-01','0000-00-00 00:00:00','0000-00-00 00:00:00','0000-00-00 00:00:00');
/*!40000 ALTER TABLE `telefonos_servicios` ENABLE KEYS */;
UNLOCK TABLES;
ALTER DATABASE `vtrdata` CHARACTER SET latin1 COLLATE latin1_swedish_ci ;
/*!50003 SET @saved_cs_client      = @@character_set_client */ ;
/*!50003 SET @saved_cs_results     = @@character_set_results */ ;
/*!50003 SET @saved_col_connection = @@collation_connection */ ;
/*!50003 SET character_set_client  = latin1 */ ;
/*!50003 SET character_set_results = latin1 */ ;
/*!50003 SET collation_connection  = latin1_swedish_ci */ ;
/*!50003 SET @saved_sql_mode       = @@sql_mode */ ;
/*!50003 SET sql_mode              = 'NO_ENGINE_SUBSTITUTION' */ ;
DELIMITER ;;
/*!50003 CREATE*/ /*!50017 DEFINER=`test`@`%`*/ /*!50003 TRIGGER generaTotal AFTER INSERT ON telefonos_servicios
FOR EACH ROW 
BEGIN
 DECLARE sumaTotal INT DEFAULT 0;
 DECLARE monto INT;
 DECLARE done INT DEFAULT 0;
 DECLARE cur CURSOR FOR SELECT monto_total FROM total WHERE total.id_telefono = NEW.id_telefono AND month(total.fecha) = month(NEW.fecha) AND year(total.fecha) = year(NEW.fecha);
 DECLARE CONTINUE HANDLER FOR SQLSTATE '02000' SET done = 1;
 OPEN cur;
 /*REPEAT*/
 FETCH cur INTO monto;
/* IF NEW.precio_servicio >= 0 THEN*/
 SET sumaTotal = NEW.precio_servicio+monto;
/* ELSE
 SET sumaTotal = NEW.precio_servicio - monto;
 END IF;*/
 /*UNTIL done END REPEAT;*/
 CLOSE cur;
 IF sumaTotal IS NULL THEN
 /*INSERT INTO temp (monto, fecha) VALUES (1, CURDATE());*/
 INSERT INTO total (id_telefono, fecha, monto_total) VALUE (NEW.id_telefono, NEW.fecha, NEW.precio_servicio); 
 ELSE
/* INSERT INTO temp (monto, fecha) VALUES (2, CURDATE());*/
 UPDATE total SET monto_total = sumaTotal WHERE id_telefono = NEW.id_telefono AND fecha = NEW.fecha; 
 END IF;
END */;;
DELIMITER ;
/*!50003 SET sql_mode              = @saved_sql_mode */ ;
/*!50003 SET character_set_client  = @saved_cs_client */ ;
/*!50003 SET character_set_results = @saved_cs_results */ ;
/*!50003 SET collation_connection  = @saved_col_connection */ ;
ALTER DATABASE `vtrdata` CHARACTER SET utf8 COLLATE utf8_general_ci ;

--
-- Table structure for table `titular_adicional`
--

DROP TABLE IF EXISTS `titular_adicional`;
/*!40101 SET @saved_cs_client     = @@character_set_client */;
/*!40101 SET character_set_client = utf8 */;
CREATE TABLE `titular_adicional` (
  `id` int(11) NOT NULL AUTO_INCREMENT,
  `tipo` varchar(45) CHARACTER SET latin1 NOT NULL,
  `created_at` timestamp NOT NULL DEFAULT '0000-00-00 00:00:00',
  `updated_at` timestamp NOT NULL DEFAULT '0000-00-00 00:00:00',
  `deleted_at` timestamp NULL DEFAULT '0000-00-00 00:00:00',
  PRIMARY KEY (`id`)
) ENGINE=InnoDB AUTO_INCREMENT=3 DEFAULT CHARSET=utf8 COLLATE=utf8_spanish_ci;
/*!40101 SET character_set_client = @saved_cs_client */;

--
-- Dumping data for table `titular_adicional`
--

LOCK TABLES `titular_adicional` WRITE;
/*!40000 ALTER TABLE `titular_adicional` DISABLE KEYS */;
INSERT INTO `titular_adicional` VALUES (1,'TITULAR','0000-00-00 00:00:00','0000-00-00 00:00:00','0000-00-00 00:00:00'),(2,'ADICIONAL','0000-00-00 00:00:00','0000-00-00 00:00:00','0000-00-00 00:00:00');
/*!40000 ALTER TABLE `titular_adicional` ENABLE KEYS */;
UNLOCK TABLES;

--
-- Table structure for table `total`
--

DROP TABLE IF EXISTS `total`;
/*!40101 SET @saved_cs_client     = @@character_set_client */;
/*!40101 SET character_set_client = utf8 */;
CREATE TABLE `total` (
  `id` int(11) NOT NULL AUTO_INCREMENT,
  `id_telefono` int(11) NOT NULL,
  `fecha` date DEFAULT NULL,
  `monto_total` int(11) DEFAULT NULL,
  `created_at` timestamp NOT NULL DEFAULT '0000-00-00 00:00:00',
  `updated_at` timestamp NOT NULL DEFAULT '0000-00-00 00:00:00',
  `deleted_at` timestamp NULL DEFAULT '0000-00-00 00:00:00',
  PRIMARY KEY (`id`),
  KEY `total_fk1` (`id_telefono`),
  CONSTRAINT `total_fk1` FOREIGN KEY (`id_telefono`) REFERENCES `telefono` (`id`)
) ENGINE=InnoDB AUTO_INCREMENT=1124 DEFAULT CHARSET=utf8 COLLATE=utf8_spanish_ci PACK_KEYS=0;
/*!40101 SET character_set_client = @saved_cs_client */;

--
-- Dumping data for table `total`
--

LOCK TABLES `total` WRITE;
/*!40000 ALTER TABLE `total` DISABLE KEYS */;
INSERT INTO `total` VALUES (684,1,'2014-04-01',100000,'0000-00-00 00:00:00','0000-00-00 00:00:00','0000-00-00 00:00:00'),(685,1,'2014-03-01',105000,'0000-00-00 00:00:00','0000-00-00 00:00:00','0000-00-00 00:00:00'),(686,1,'2014-02-01',110000,'0000-00-00 00:00:00','0000-00-00 00:00:00','0000-00-00 00:00:00'),(687,1,'2014-01-01',115000,'0000-00-00 00:00:00','0000-00-00 00:00:00','0000-00-00 00:00:00'),(688,1,'2013-12-01',120000,'0000-00-00 00:00:00','0000-00-00 00:00:00','0000-00-00 00:00:00'),(689,1,'2013-11-01',125000,'0000-00-00 00:00:00','0000-00-00 00:00:00','0000-00-00 00:00:00'),(690,1,'2013-10-01',130000,'0000-00-00 00:00:00','0000-00-00 00:00:00','0000-00-00 00:00:00'),(691,1,'2013-09-01',135000,'0000-00-00 00:00:00','0000-00-00 00:00:00','0000-00-00 00:00:00'),(692,1,'2013-08-01',140000,'0000-00-00 00:00:00','0000-00-00 00:00:00','0000-00-00 00:00:00'),(693,1,'2013-07-01',145000,'0000-00-00 00:00:00','0000-00-00 00:00:00','0000-00-00 00:00:00'),(694,1,'2013-06-01',150000,'0000-00-00 00:00:00','0000-00-00 00:00:00','0000-00-00 00:00:00'),(695,1,'2013-05-01',155000,'0000-00-00 00:00:00','0000-00-00 00:00:00','0000-00-00 00:00:00'),(696,2,'2014-04-02',110000,'0000-00-00 00:00:00','0000-00-00 00:00:00','0000-00-00 00:00:00'),(697,2,'2014-03-02',115000,'0000-00-00 00:00:00','0000-00-00 00:00:00','0000-00-00 00:00:00'),(698,2,'2014-02-02',120000,'0000-00-00 00:00:00','0000-00-00 00:00:00','0000-00-00 00:00:00'),(699,2,'2014-01-02',125000,'0000-00-00 00:00:00','0000-00-00 00:00:00','0000-00-00 00:00:00'),(700,2,'2013-12-02',130000,'0000-00-00 00:00:00','0000-00-00 00:00:00','0000-00-00 00:00:00'),(701,2,'2013-11-02',135000,'0000-00-00 00:00:00','0000-00-00 00:00:00','0000-00-00 00:00:00'),(702,2,'2013-10-02',140000,'0000-00-00 00:00:00','0000-00-00 00:00:00','0000-00-00 00:00:00'),(703,2,'2013-09-02',145000,'0000-00-00 00:00:00','0000-00-00 00:00:00','0000-00-00 00:00:00'),(704,2,'2013-08-02',150000,'0000-00-00 00:00:00','0000-00-00 00:00:00','0000-00-00 00:00:00'),(705,2,'2013-07-02',155000,'0000-00-00 00:00:00','0000-00-00 00:00:00','0000-00-00 00:00:00'),(706,2,'2013-06-02',160000,'0000-00-00 00:00:00','0000-00-00 00:00:00','0000-00-00 00:00:00'),(707,2,'2013-05-02',165000,'0000-00-00 00:00:00','0000-00-00 00:00:00','0000-00-00 00:00:00'),(708,3,'2014-04-03',120000,'0000-00-00 00:00:00','0000-00-00 00:00:00','0000-00-00 00:00:00'),(709,3,'2014-03-03',125000,'0000-00-00 00:00:00','0000-00-00 00:00:00','0000-00-00 00:00:00'),(710,3,'2014-02-03',130000,'0000-00-00 00:00:00','0000-00-00 00:00:00','0000-00-00 00:00:00'),(711,3,'2014-01-03',135000,'0000-00-00 00:00:00','0000-00-00 00:00:00','0000-00-00 00:00:00'),(712,3,'2013-12-03',140000,'0000-00-00 00:00:00','0000-00-00 00:00:00','0000-00-00 00:00:00'),(713,3,'2013-11-03',145000,'0000-00-00 00:00:00','0000-00-00 00:00:00','0000-00-00 00:00:00'),(714,3,'2013-10-03',150000,'0000-00-00 00:00:00','0000-00-00 00:00:00','0000-00-00 00:00:00'),(715,3,'2013-09-03',155000,'0000-00-00 00:00:00','0000-00-00 00:00:00','0000-00-00 00:00:00'),(716,3,'2013-08-03',160000,'0000-00-00 00:00:00','0000-00-00 00:00:00','0000-00-00 00:00:00'),(717,3,'2013-07-03',165000,'0000-00-00 00:00:00','0000-00-00 00:00:00','0000-00-00 00:00:00'),(718,3,'2013-06-03',170000,'0000-00-00 00:00:00','0000-00-00 00:00:00','0000-00-00 00:00:00'),(719,3,'2013-05-03',175000,'0000-00-00 00:00:00','0000-00-00 00:00:00','0000-00-00 00:00:00'),(720,4,'2014-04-04',130000,'0000-00-00 00:00:00','0000-00-00 00:00:00','0000-00-00 00:00:00'),(721,4,'2014-03-04',135000,'0000-00-00 00:00:00','0000-00-00 00:00:00','0000-00-00 00:00:00'),(722,4,'2014-02-04',140000,'0000-00-00 00:00:00','0000-00-00 00:00:00','0000-00-00 00:00:00'),(723,4,'2014-01-04',145000,'0000-00-00 00:00:00','0000-00-00 00:00:00','0000-00-00 00:00:00'),(724,4,'2013-12-04',150000,'0000-00-00 00:00:00','0000-00-00 00:00:00','0000-00-00 00:00:00'),(725,4,'2013-11-04',155000,'0000-00-00 00:00:00','0000-00-00 00:00:00','0000-00-00 00:00:00'),(726,4,'2013-10-04',160000,'0000-00-00 00:00:00','0000-00-00 00:00:00','0000-00-00 00:00:00'),(727,4,'2013-09-04',165000,'0000-00-00 00:00:00','0000-00-00 00:00:00','0000-00-00 00:00:00'),(728,4,'2013-08-04',170000,'0000-00-00 00:00:00','0000-00-00 00:00:00','0000-00-00 00:00:00'),(729,4,'2013-07-04',175000,'0000-00-00 00:00:00','0000-00-00 00:00:00','0000-00-00 00:00:00'),(730,4,'2013-06-04',180000,'0000-00-00 00:00:00','0000-00-00 00:00:00','0000-00-00 00:00:00'),(731,4,'2013-05-04',185000,'0000-00-00 00:00:00','0000-00-00 00:00:00','0000-00-00 00:00:00'),(732,5,'2014-04-05',140000,'0000-00-00 00:00:00','0000-00-00 00:00:00','0000-00-00 00:00:00'),(733,5,'2014-03-05',145000,'0000-00-00 00:00:00','0000-00-00 00:00:00','0000-00-00 00:00:00'),(734,5,'2014-02-05',150000,'0000-00-00 00:00:00','0000-00-00 00:00:00','0000-00-00 00:00:00'),(735,5,'2014-01-05',155000,'0000-00-00 00:00:00','0000-00-00 00:00:00','0000-00-00 00:00:00'),(736,5,'2013-12-05',160000,'0000-00-00 00:00:00','0000-00-00 00:00:00','0000-00-00 00:00:00'),(737,5,'2013-11-05',165000,'0000-00-00 00:00:00','0000-00-00 00:00:00','0000-00-00 00:00:00'),(738,5,'2013-10-05',170000,'0000-00-00 00:00:00','0000-00-00 00:00:00','0000-00-00 00:00:00'),(739,5,'2013-09-05',175000,'0000-00-00 00:00:00','0000-00-00 00:00:00','0000-00-00 00:00:00'),(740,5,'2013-08-05',180000,'0000-00-00 00:00:00','0000-00-00 00:00:00','0000-00-00 00:00:00'),(741,5,'2013-07-05',185000,'0000-00-00 00:00:00','0000-00-00 00:00:00','0000-00-00 00:00:00'),(742,5,'2013-06-05',190000,'0000-00-00 00:00:00','0000-00-00 00:00:00','0000-00-00 00:00:00'),(743,5,'2013-05-05',195000,'0000-00-00 00:00:00','0000-00-00 00:00:00','0000-00-00 00:00:00'),(744,6,'2014-04-06',150000,'0000-00-00 00:00:00','0000-00-00 00:00:00','0000-00-00 00:00:00'),(745,6,'2014-03-06',155000,'0000-00-00 00:00:00','0000-00-00 00:00:00','0000-00-00 00:00:00'),(746,6,'2014-02-06',160000,'0000-00-00 00:00:00','0000-00-00 00:00:00','0000-00-00 00:00:00'),(747,6,'2014-01-06',165000,'0000-00-00 00:00:00','0000-00-00 00:00:00','0000-00-00 00:00:00'),(748,6,'2013-12-06',170000,'0000-00-00 00:00:00','0000-00-00 00:00:00','0000-00-00 00:00:00'),(749,6,'2013-11-06',175000,'0000-00-00 00:00:00','0000-00-00 00:00:00','0000-00-00 00:00:00'),(750,6,'2013-10-06',180000,'0000-00-00 00:00:00','0000-00-00 00:00:00','0000-00-00 00:00:00'),(751,6,'2013-09-06',185000,'0000-00-00 00:00:00','0000-00-00 00:00:00','0000-00-00 00:00:00'),(752,6,'2013-08-06',190000,'0000-00-00 00:00:00','0000-00-00 00:00:00','0000-00-00 00:00:00'),(753,6,'2013-07-06',195000,'0000-00-00 00:00:00','0000-00-00 00:00:00','0000-00-00 00:00:00'),(754,6,'2013-06-06',200000,'0000-00-00 00:00:00','0000-00-00 00:00:00','0000-00-00 00:00:00'),(755,6,'2013-05-06',205000,'0000-00-00 00:00:00','0000-00-00 00:00:00','0000-00-00 00:00:00'),(756,7,'2014-04-07',160000,'0000-00-00 00:00:00','0000-00-00 00:00:00','0000-00-00 00:00:00'),(757,7,'2014-03-07',165000,'0000-00-00 00:00:00','0000-00-00 00:00:00','0000-00-00 00:00:00'),(758,7,'2014-02-07',170000,'0000-00-00 00:00:00','0000-00-00 00:00:00','0000-00-00 00:00:00'),(759,7,'2014-01-07',175000,'0000-00-00 00:00:00','0000-00-00 00:00:00','0000-00-00 00:00:00'),(760,7,'2013-12-07',180000,'0000-00-00 00:00:00','0000-00-00 00:00:00','0000-00-00 00:00:00'),(761,7,'2013-11-07',185000,'0000-00-00 00:00:00','0000-00-00 00:00:00','0000-00-00 00:00:00'),(762,7,'2013-10-07',190000,'0000-00-00 00:00:00','0000-00-00 00:00:00','0000-00-00 00:00:00'),(763,7,'2013-09-07',195000,'0000-00-00 00:00:00','0000-00-00 00:00:00','0000-00-00 00:00:00'),(764,7,'2013-08-07',200000,'0000-00-00 00:00:00','0000-00-00 00:00:00','0000-00-00 00:00:00'),(765,7,'2013-07-07',205000,'0000-00-00 00:00:00','0000-00-00 00:00:00','0000-00-00 00:00:00'),(766,7,'2013-06-07',210000,'0000-00-00 00:00:00','0000-00-00 00:00:00','0000-00-00 00:00:00'),(767,7,'2013-05-07',215000,'0000-00-00 00:00:00','0000-00-00 00:00:00','0000-00-00 00:00:00'),(768,8,'2014-04-08',170000,'0000-00-00 00:00:00','0000-00-00 00:00:00','0000-00-00 00:00:00'),(769,8,'2014-03-08',175000,'0000-00-00 00:00:00','0000-00-00 00:00:00','0000-00-00 00:00:00'),(770,8,'2014-02-08',180000,'0000-00-00 00:00:00','0000-00-00 00:00:00','0000-00-00 00:00:00'),(771,8,'2014-01-08',185000,'0000-00-00 00:00:00','0000-00-00 00:00:00','0000-00-00 00:00:00'),(772,8,'2013-12-08',190000,'0000-00-00 00:00:00','0000-00-00 00:00:00','0000-00-00 00:00:00'),(773,8,'2013-11-08',195000,'0000-00-00 00:00:00','0000-00-00 00:00:00','0000-00-00 00:00:00'),(774,8,'2013-10-08',200000,'0000-00-00 00:00:00','0000-00-00 00:00:00','0000-00-00 00:00:00'),(775,8,'2013-09-08',205000,'0000-00-00 00:00:00','0000-00-00 00:00:00','0000-00-00 00:00:00'),(776,8,'2013-08-08',210000,'0000-00-00 00:00:00','0000-00-00 00:00:00','0000-00-00 00:00:00'),(777,8,'2013-07-08',215000,'0000-00-00 00:00:00','0000-00-00 00:00:00','0000-00-00 00:00:00'),(778,8,'2013-06-08',220000,'0000-00-00 00:00:00','0000-00-00 00:00:00','0000-00-00 00:00:00'),(779,8,'2013-05-08',225000,'0000-00-00 00:00:00','0000-00-00 00:00:00','0000-00-00 00:00:00'),(780,9,'2014-04-09',180000,'0000-00-00 00:00:00','0000-00-00 00:00:00','0000-00-00 00:00:00'),(781,9,'2014-03-09',185000,'0000-00-00 00:00:00','0000-00-00 00:00:00','0000-00-00 00:00:00'),(782,9,'2014-02-09',190000,'0000-00-00 00:00:00','0000-00-00 00:00:00','0000-00-00 00:00:00'),(783,9,'2014-01-09',195000,'0000-00-00 00:00:00','0000-00-00 00:00:00','0000-00-00 00:00:00'),(784,9,'2013-12-09',200000,'0000-00-00 00:00:00','0000-00-00 00:00:00','0000-00-00 00:00:00'),(785,9,'2013-11-09',205000,'0000-00-00 00:00:00','0000-00-00 00:00:00','0000-00-00 00:00:00'),(786,9,'2013-10-09',210000,'0000-00-00 00:00:00','0000-00-00 00:00:00','0000-00-00 00:00:00'),(787,9,'2013-09-09',215000,'0000-00-00 00:00:00','0000-00-00 00:00:00','0000-00-00 00:00:00'),(788,9,'2013-08-09',220000,'0000-00-00 00:00:00','0000-00-00 00:00:00','0000-00-00 00:00:00'),(789,9,'2013-07-09',225000,'0000-00-00 00:00:00','0000-00-00 00:00:00','0000-00-00 00:00:00'),(790,9,'2013-06-09',230000,'0000-00-00 00:00:00','0000-00-00 00:00:00','0000-00-00 00:00:00'),(791,9,'2013-05-09',235000,'0000-00-00 00:00:00','0000-00-00 00:00:00','0000-00-00 00:00:00'),(792,10,'2014-04-10',190000,'0000-00-00 00:00:00','0000-00-00 00:00:00','0000-00-00 00:00:00'),(793,10,'2014-03-10',195000,'0000-00-00 00:00:00','0000-00-00 00:00:00','0000-00-00 00:00:00'),(794,10,'2014-02-10',200000,'0000-00-00 00:00:00','0000-00-00 00:00:00','0000-00-00 00:00:00'),(795,10,'2014-01-10',205000,'0000-00-00 00:00:00','0000-00-00 00:00:00','0000-00-00 00:00:00'),(796,10,'2013-12-10',210000,'0000-00-00 00:00:00','0000-00-00 00:00:00','0000-00-00 00:00:00'),(797,10,'2013-11-10',215000,'0000-00-00 00:00:00','0000-00-00 00:00:00','0000-00-00 00:00:00'),(798,10,'2013-10-10',220000,'0000-00-00 00:00:00','0000-00-00 00:00:00','0000-00-00 00:00:00'),(799,10,'2013-09-10',225000,'0000-00-00 00:00:00','0000-00-00 00:00:00','0000-00-00 00:00:00'),(800,10,'2013-08-10',230000,'0000-00-00 00:00:00','0000-00-00 00:00:00','0000-00-00 00:00:00'),(801,10,'2013-07-10',235000,'0000-00-00 00:00:00','0000-00-00 00:00:00','0000-00-00 00:00:00'),(802,10,'2013-06-10',240000,'0000-00-00 00:00:00','0000-00-00 00:00:00','0000-00-00 00:00:00'),(803,10,'2013-05-10',245000,'0000-00-00 00:00:00','0000-00-00 00:00:00','0000-00-00 00:00:00'),(804,11,'2014-04-11',200000,'0000-00-00 00:00:00','0000-00-00 00:00:00','0000-00-00 00:00:00'),(805,11,'2014-03-11',205000,'0000-00-00 00:00:00','0000-00-00 00:00:00','0000-00-00 00:00:00'),(806,11,'2014-02-11',210000,'0000-00-00 00:00:00','0000-00-00 00:00:00','0000-00-00 00:00:00'),(807,11,'2014-01-11',215000,'0000-00-00 00:00:00','0000-00-00 00:00:00','0000-00-00 00:00:00'),(808,11,'2013-12-11',220000,'0000-00-00 00:00:00','0000-00-00 00:00:00','0000-00-00 00:00:00'),(809,11,'2013-11-11',225000,'0000-00-00 00:00:00','0000-00-00 00:00:00','0000-00-00 00:00:00'),(810,11,'2013-10-11',230000,'0000-00-00 00:00:00','0000-00-00 00:00:00','0000-00-00 00:00:00'),(811,11,'2013-09-11',235000,'0000-00-00 00:00:00','0000-00-00 00:00:00','0000-00-00 00:00:00'),(812,11,'2013-08-11',240000,'0000-00-00 00:00:00','0000-00-00 00:00:00','0000-00-00 00:00:00'),(813,11,'2013-07-11',245000,'0000-00-00 00:00:00','0000-00-00 00:00:00','0000-00-00 00:00:00'),(814,11,'2013-06-11',250000,'0000-00-00 00:00:00','0000-00-00 00:00:00','0000-00-00 00:00:00'),(815,11,'2013-05-11',255000,'0000-00-00 00:00:00','0000-00-00 00:00:00','0000-00-00 00:00:00'),(816,12,'2014-04-12',210000,'0000-00-00 00:00:00','0000-00-00 00:00:00','0000-00-00 00:00:00'),(817,12,'2014-03-12',215000,'0000-00-00 00:00:00','0000-00-00 00:00:00','0000-00-00 00:00:00'),(818,12,'2014-02-12',220000,'0000-00-00 00:00:00','0000-00-00 00:00:00','0000-00-00 00:00:00'),(819,12,'2014-01-12',225000,'0000-00-00 00:00:00','0000-00-00 00:00:00','0000-00-00 00:00:00'),(820,12,'2013-12-12',230000,'0000-00-00 00:00:00','0000-00-00 00:00:00','0000-00-00 00:00:00'),(821,12,'2013-11-12',235000,'0000-00-00 00:00:00','0000-00-00 00:00:00','0000-00-00 00:00:00'),(822,12,'2013-10-12',240000,'0000-00-00 00:00:00','0000-00-00 00:00:00','0000-00-00 00:00:00'),(823,12,'2013-09-12',245000,'0000-00-00 00:00:00','0000-00-00 00:00:00','0000-00-00 00:00:00'),(824,12,'2013-08-12',250000,'0000-00-00 00:00:00','0000-00-00 00:00:00','0000-00-00 00:00:00'),(825,12,'2013-07-12',255000,'0000-00-00 00:00:00','0000-00-00 00:00:00','0000-00-00 00:00:00'),(826,12,'2013-06-12',260000,'0000-00-00 00:00:00','0000-00-00 00:00:00','0000-00-00 00:00:00'),(827,12,'2013-05-12',265000,'0000-00-00 00:00:00','0000-00-00 00:00:00','0000-00-00 00:00:00'),(828,13,'2014-04-13',220000,'0000-00-00 00:00:00','0000-00-00 00:00:00','0000-00-00 00:00:00'),(829,13,'2014-03-13',225000,'0000-00-00 00:00:00','0000-00-00 00:00:00','0000-00-00 00:00:00'),(830,13,'2014-02-13',230000,'0000-00-00 00:00:00','0000-00-00 00:00:00','0000-00-00 00:00:00'),(831,13,'2014-01-13',235000,'0000-00-00 00:00:00','0000-00-00 00:00:00','0000-00-00 00:00:00'),(832,13,'2013-12-13',240000,'0000-00-00 00:00:00','0000-00-00 00:00:00','0000-00-00 00:00:00'),(833,13,'2013-11-13',245000,'0000-00-00 00:00:00','0000-00-00 00:00:00','0000-00-00 00:00:00'),(834,13,'2013-10-13',250000,'0000-00-00 00:00:00','0000-00-00 00:00:00','0000-00-00 00:00:00'),(835,13,'2013-09-13',255000,'0000-00-00 00:00:00','0000-00-00 00:00:00','0000-00-00 00:00:00'),(836,13,'2013-08-13',260000,'0000-00-00 00:00:00','0000-00-00 00:00:00','0000-00-00 00:00:00'),(837,13,'2013-07-13',265000,'0000-00-00 00:00:00','0000-00-00 00:00:00','0000-00-00 00:00:00'),(838,13,'2013-06-13',270000,'0000-00-00 00:00:00','0000-00-00 00:00:00','0000-00-00 00:00:00'),(839,13,'2013-05-13',275000,'0000-00-00 00:00:00','0000-00-00 00:00:00','0000-00-00 00:00:00'),(840,14,'2014-04-14',230000,'0000-00-00 00:00:00','0000-00-00 00:00:00','0000-00-00 00:00:00'),(841,14,'2014-03-14',235000,'0000-00-00 00:00:00','0000-00-00 00:00:00','0000-00-00 00:00:00'),(842,14,'2014-02-14',240000,'0000-00-00 00:00:00','0000-00-00 00:00:00','0000-00-00 00:00:00'),(843,14,'2014-01-14',245000,'0000-00-00 00:00:00','0000-00-00 00:00:00','0000-00-00 00:00:00'),(844,14,'2013-12-14',250000,'0000-00-00 00:00:00','0000-00-00 00:00:00','0000-00-00 00:00:00'),(845,14,'2013-11-14',255000,'0000-00-00 00:00:00','0000-00-00 00:00:00','0000-00-00 00:00:00'),(846,14,'2013-10-14',260000,'0000-00-00 00:00:00','0000-00-00 00:00:00','0000-00-00 00:00:00'),(847,14,'2013-09-14',265000,'0000-00-00 00:00:00','0000-00-00 00:00:00','0000-00-00 00:00:00'),(848,14,'2013-08-14',270000,'0000-00-00 00:00:00','0000-00-00 00:00:00','0000-00-00 00:00:00'),(849,14,'2013-07-14',275000,'0000-00-00 00:00:00','0000-00-00 00:00:00','0000-00-00 00:00:00'),(850,14,'2013-06-14',280000,'0000-00-00 00:00:00','0000-00-00 00:00:00','0000-00-00 00:00:00'),(851,14,'2013-05-14',285000,'0000-00-00 00:00:00','0000-00-00 00:00:00','0000-00-00 00:00:00'),(852,15,'2014-04-15',240000,'0000-00-00 00:00:00','0000-00-00 00:00:00','0000-00-00 00:00:00'),(853,15,'2014-03-15',245000,'0000-00-00 00:00:00','0000-00-00 00:00:00','0000-00-00 00:00:00'),(854,15,'2014-02-15',250000,'0000-00-00 00:00:00','0000-00-00 00:00:00','0000-00-00 00:00:00'),(855,15,'2014-01-15',255000,'0000-00-00 00:00:00','0000-00-00 00:00:00','0000-00-00 00:00:00'),(856,15,'2013-12-15',260000,'0000-00-00 00:00:00','0000-00-00 00:00:00','0000-00-00 00:00:00'),(857,15,'2013-11-15',265000,'0000-00-00 00:00:00','0000-00-00 00:00:00','0000-00-00 00:00:00'),(858,15,'2013-10-15',270000,'0000-00-00 00:00:00','0000-00-00 00:00:00','0000-00-00 00:00:00'),(859,15,'2013-09-15',275000,'0000-00-00 00:00:00','0000-00-00 00:00:00','0000-00-00 00:00:00'),(860,15,'2013-08-15',280000,'0000-00-00 00:00:00','0000-00-00 00:00:00','0000-00-00 00:00:00'),(861,15,'2013-07-15',285000,'0000-00-00 00:00:00','0000-00-00 00:00:00','0000-00-00 00:00:00'),(862,15,'2013-06-15',290000,'0000-00-00 00:00:00','0000-00-00 00:00:00','0000-00-00 00:00:00'),(863,15,'2013-05-15',295000,'0000-00-00 00:00:00','0000-00-00 00:00:00','0000-00-00 00:00:00'),(864,16,'2014-04-16',250000,'0000-00-00 00:00:00','0000-00-00 00:00:00','0000-00-00 00:00:00'),(865,16,'2014-03-16',255000,'0000-00-00 00:00:00','0000-00-00 00:00:00','0000-00-00 00:00:00'),(866,16,'2014-02-16',260000,'0000-00-00 00:00:00','0000-00-00 00:00:00','0000-00-00 00:00:00'),(867,16,'2014-01-16',265000,'0000-00-00 00:00:00','0000-00-00 00:00:00','0000-00-00 00:00:00'),(868,16,'2013-12-16',270000,'0000-00-00 00:00:00','0000-00-00 00:00:00','0000-00-00 00:00:00'),(869,16,'2013-11-16',275000,'0000-00-00 00:00:00','0000-00-00 00:00:00','0000-00-00 00:00:00'),(870,16,'2013-10-16',280000,'0000-00-00 00:00:00','0000-00-00 00:00:00','0000-00-00 00:00:00'),(871,16,'2013-09-16',285000,'0000-00-00 00:00:00','0000-00-00 00:00:00','0000-00-00 00:00:00'),(872,16,'2013-08-16',290000,'0000-00-00 00:00:00','0000-00-00 00:00:00','0000-00-00 00:00:00'),(873,16,'2013-07-16',295000,'0000-00-00 00:00:00','0000-00-00 00:00:00','0000-00-00 00:00:00'),(874,16,'2013-06-16',300000,'0000-00-00 00:00:00','0000-00-00 00:00:00','0000-00-00 00:00:00'),(875,16,'2013-05-16',305000,'0000-00-00 00:00:00','0000-00-00 00:00:00','0000-00-00 00:00:00'),(876,17,'2014-04-17',260000,'0000-00-00 00:00:00','0000-00-00 00:00:00','0000-00-00 00:00:00'),(877,17,'2014-03-17',265000,'0000-00-00 00:00:00','0000-00-00 00:00:00','0000-00-00 00:00:00'),(878,17,'2014-02-17',270000,'0000-00-00 00:00:00','0000-00-00 00:00:00','0000-00-00 00:00:00'),(879,17,'2014-01-17',275000,'0000-00-00 00:00:00','0000-00-00 00:00:00','0000-00-00 00:00:00'),(880,17,'2013-12-17',280000,'0000-00-00 00:00:00','0000-00-00 00:00:00','0000-00-00 00:00:00'),(881,17,'2013-11-17',285000,'0000-00-00 00:00:00','0000-00-00 00:00:00','0000-00-00 00:00:00'),(882,17,'2013-10-17',290000,'0000-00-00 00:00:00','0000-00-00 00:00:00','0000-00-00 00:00:00'),(883,17,'2013-09-17',295000,'0000-00-00 00:00:00','0000-00-00 00:00:00','0000-00-00 00:00:00'),(884,17,'2013-08-17',300000,'0000-00-00 00:00:00','0000-00-00 00:00:00','0000-00-00 00:00:00'),(885,17,'2013-07-17',305000,'0000-00-00 00:00:00','0000-00-00 00:00:00','0000-00-00 00:00:00'),(886,17,'2013-06-17',310000,'0000-00-00 00:00:00','0000-00-00 00:00:00','0000-00-00 00:00:00'),(887,17,'2013-05-17',315000,'0000-00-00 00:00:00','0000-00-00 00:00:00','0000-00-00 00:00:00'),(888,18,'2014-04-18',270000,'0000-00-00 00:00:00','0000-00-00 00:00:00','0000-00-00 00:00:00'),(889,18,'2014-03-18',275000,'0000-00-00 00:00:00','0000-00-00 00:00:00','0000-00-00 00:00:00'),(890,18,'2014-02-18',280000,'0000-00-00 00:00:00','0000-00-00 00:00:00','0000-00-00 00:00:00'),(891,18,'2014-01-18',285000,'0000-00-00 00:00:00','0000-00-00 00:00:00','0000-00-00 00:00:00'),(892,18,'2013-12-18',290000,'0000-00-00 00:00:00','0000-00-00 00:00:00','0000-00-00 00:00:00'),(893,18,'2013-11-18',295000,'0000-00-00 00:00:00','0000-00-00 00:00:00','0000-00-00 00:00:00'),(894,18,'2013-10-18',300000,'0000-00-00 00:00:00','0000-00-00 00:00:00','0000-00-00 00:00:00'),(895,18,'2013-09-18',305000,'0000-00-00 00:00:00','0000-00-00 00:00:00','0000-00-00 00:00:00'),(896,18,'2013-08-18',310000,'0000-00-00 00:00:00','0000-00-00 00:00:00','0000-00-00 00:00:00'),(897,18,'2013-07-18',315000,'0000-00-00 00:00:00','0000-00-00 00:00:00','0000-00-00 00:00:00'),(898,18,'2013-06-18',320000,'0000-00-00 00:00:00','0000-00-00 00:00:00','0000-00-00 00:00:00'),(899,18,'2013-05-18',325000,'0000-00-00 00:00:00','0000-00-00 00:00:00','0000-00-00 00:00:00'),(900,19,'2014-04-19',280000,'0000-00-00 00:00:00','0000-00-00 00:00:00','0000-00-00 00:00:00'),(901,19,'2014-03-19',285000,'0000-00-00 00:00:00','0000-00-00 00:00:00','0000-00-00 00:00:00'),(902,19,'2014-02-19',290000,'0000-00-00 00:00:00','0000-00-00 00:00:00','0000-00-00 00:00:00'),(903,19,'2014-01-19',295000,'0000-00-00 00:00:00','0000-00-00 00:00:00','0000-00-00 00:00:00'),(904,19,'2013-12-19',300000,'0000-00-00 00:00:00','0000-00-00 00:00:00','0000-00-00 00:00:00'),(905,19,'2013-11-19',305000,'0000-00-00 00:00:00','0000-00-00 00:00:00','0000-00-00 00:00:00'),(906,19,'2013-10-19',310000,'0000-00-00 00:00:00','0000-00-00 00:00:00','0000-00-00 00:00:00'),(907,19,'2013-09-19',315000,'0000-00-00 00:00:00','0000-00-00 00:00:00','0000-00-00 00:00:00'),(908,19,'2013-08-19',320000,'0000-00-00 00:00:00','0000-00-00 00:00:00','0000-00-00 00:00:00'),(909,19,'2013-07-19',325000,'0000-00-00 00:00:00','0000-00-00 00:00:00','0000-00-00 00:00:00'),(910,19,'2013-06-19',330000,'0000-00-00 00:00:00','0000-00-00 00:00:00','0000-00-00 00:00:00'),(911,19,'2013-05-19',335000,'0000-00-00 00:00:00','0000-00-00 00:00:00','0000-00-00 00:00:00'),(913,2,'2014-05-01',104000,'0000-00-00 00:00:00','0000-00-00 00:00:00','0000-00-00 00:00:00'),(914,3,'2014-05-01',143000,'0000-00-00 00:00:00','0000-00-00 00:00:00','0000-00-00 00:00:00'),(915,4,'2014-05-01',182000,'0000-00-00 00:00:00','0000-00-00 00:00:00','0000-00-00 00:00:00'),(916,5,'2014-05-01',221000,'0000-00-00 00:00:00','0000-00-00 00:00:00','0000-00-00 00:00:00'),(917,6,'2014-05-01',260000,'0000-00-00 00:00:00','0000-00-00 00:00:00','0000-00-00 00:00:00'),(918,7,'2014-05-01',299000,'0000-00-00 00:00:00','0000-00-00 00:00:00','0000-00-00 00:00:00'),(919,8,'2014-05-01',338000,'0000-00-00 00:00:00','0000-00-00 00:00:00','0000-00-00 00:00:00'),(920,9,'2014-05-01',377000,'0000-00-00 00:00:00','0000-00-00 00:00:00','0000-00-00 00:00:00'),(930,1,'2014-05-01',75000,'0000-00-00 00:00:00','0000-00-00 00:00:00','0000-00-00 00:00:00'),(934,2,'2014-06-02',119000,'0000-00-00 00:00:00','0000-00-00 00:00:00','0000-00-00 00:00:00'),(935,3,'2014-06-03',158000,'0000-00-00 00:00:00','0000-00-00 00:00:00','0000-00-00 00:00:00'),(936,4,'2014-06-04',197000,'0000-00-00 00:00:00','0000-00-00 00:00:00','0000-00-00 00:00:00'),(937,5,'2014-06-05',236000,'0000-00-00 00:00:00','0000-00-00 00:00:00','0000-00-00 00:00:00'),(938,6,'2014-06-06',275000,'0000-00-00 00:00:00','0000-00-00 00:00:00','0000-00-00 00:00:00'),(939,7,'2014-06-07',314000,'0000-00-00 00:00:00','0000-00-00 00:00:00','0000-00-00 00:00:00'),(940,8,'2014-06-08',353000,'0000-00-00 00:00:00','0000-00-00 00:00:00','0000-00-00 00:00:00'),(941,9,'2014-06-09',392000,'0000-00-00 00:00:00','0000-00-00 00:00:00','0000-00-00 00:00:00'),(942,10,'2014-06-10',431000,'0000-00-00 00:00:00','0000-00-00 00:00:00','0000-00-00 00:00:00'),(943,11,'2014-06-11',470000,'0000-00-00 00:00:00','0000-00-00 00:00:00','0000-00-00 00:00:00'),(944,12,'2014-06-12',509000,'0000-00-00 00:00:00','0000-00-00 00:00:00','0000-00-00 00:00:00'),(945,13,'2014-06-13',548000,'0000-00-00 00:00:00','0000-00-00 00:00:00','0000-00-00 00:00:00'),(946,14,'2014-06-14',587000,'0000-00-00 00:00:00','0000-00-00 00:00:00','0000-00-00 00:00:00'),(947,15,'2014-06-15',626000,'0000-00-00 00:00:00','0000-00-00 00:00:00','0000-00-00 00:00:00'),(948,16,'2014-06-16',665000,'0000-00-00 00:00:00','0000-00-00 00:00:00','0000-00-00 00:00:00'),(949,17,'2014-06-17',704000,'0000-00-00 00:00:00','0000-00-00 00:00:00','0000-00-00 00:00:00'),(950,18,'2014-06-18',743000,'0000-00-00 00:00:00','0000-00-00 00:00:00','0000-00-00 00:00:00'),(951,19,'2014-06-19',782000,'0000-00-00 00:00:00','0000-00-00 00:00:00','0000-00-00 00:00:00'),(952,1,'2014-06-01',90000,'0000-00-00 00:00:00','0000-00-00 00:00:00','0000-00-00 00:00:00'),(953,2,'2014-07-02',125000,'0000-00-00 00:00:00','0000-00-00 00:00:00','0000-00-00 00:00:00'),(954,3,'2014-07-03',164000,'0000-00-00 00:00:00','0000-00-00 00:00:00','0000-00-00 00:00:00'),(955,4,'2014-07-04',203000,'0000-00-00 00:00:00','0000-00-00 00:00:00','0000-00-00 00:00:00'),(956,5,'2014-07-05',242000,'0000-00-00 00:00:00','0000-00-00 00:00:00','0000-00-00 00:00:00'),(957,6,'2014-07-06',281000,'0000-00-00 00:00:00','0000-00-00 00:00:00','0000-00-00 00:00:00'),(958,7,'2014-07-07',320000,'0000-00-00 00:00:00','0000-00-00 00:00:00','0000-00-00 00:00:00'),(959,8,'2014-07-08',359000,'0000-00-00 00:00:00','0000-00-00 00:00:00','0000-00-00 00:00:00'),(960,9,'2014-07-09',398000,'0000-00-00 00:00:00','0000-00-00 00:00:00','0000-00-00 00:00:00'),(961,10,'2014-07-10',437000,'0000-00-00 00:00:00','0000-00-00 00:00:00','0000-00-00 00:00:00'),(962,11,'2014-07-11',476000,'0000-00-00 00:00:00','0000-00-00 00:00:00','0000-00-00 00:00:00'),(963,12,'2014-07-12',515000,'0000-00-00 00:00:00','0000-00-00 00:00:00','0000-00-00 00:00:00'),(964,13,'2014-07-13',554000,'0000-00-00 00:00:00','0000-00-00 00:00:00','0000-00-00 00:00:00'),(965,14,'2014-07-14',593000,'0000-00-00 00:00:00','0000-00-00 00:00:00','0000-00-00 00:00:00'),(966,15,'2014-07-15',632000,'0000-00-00 00:00:00','0000-00-00 00:00:00','0000-00-00 00:00:00'),(967,16,'2014-07-16',671000,'0000-00-00 00:00:00','0000-00-00 00:00:00','0000-00-00 00:00:00'),(968,17,'2014-07-17',710000,'0000-00-00 00:00:00','0000-00-00 00:00:00','0000-00-00 00:00:00'),(969,18,'2014-07-18',749000,'0000-00-00 00:00:00','0000-00-00 00:00:00','0000-00-00 00:00:00'),(970,19,'2014-07-19',788000,'0000-00-00 00:00:00','0000-00-00 00:00:00','0000-00-00 00:00:00'),(971,1,'2014-07-01',96000,'0000-00-00 00:00:00','0000-00-00 00:00:00','0000-00-00 00:00:00'),(972,2,'2014-08-02',161000,'0000-00-00 00:00:00','0000-00-00 00:00:00','0000-00-00 00:00:00'),(973,3,'2014-08-03',200000,'0000-00-00 00:00:00','0000-00-00 00:00:00','0000-00-00 00:00:00'),(974,4,'2014-08-04',239000,'0000-00-00 00:00:00','0000-00-00 00:00:00','0000-00-00 00:00:00'),(975,5,'2014-08-05',278000,'0000-00-00 00:00:00','0000-00-00 00:00:00','0000-00-00 00:00:00'),(976,6,'2014-08-06',317000,'0000-00-00 00:00:00','0000-00-00 00:00:00','0000-00-00 00:00:00'),(977,7,'2014-08-07',356000,'0000-00-00 00:00:00','0000-00-00 00:00:00','0000-00-00 00:00:00'),(978,8,'2014-08-08',395000,'0000-00-00 00:00:00','0000-00-00 00:00:00','0000-00-00 00:00:00'),(979,9,'2014-08-09',434000,'0000-00-00 00:00:00','0000-00-00 00:00:00','0000-00-00 00:00:00'),(980,10,'2014-08-10',473000,'0000-00-00 00:00:00','0000-00-00 00:00:00','0000-00-00 00:00:00'),(981,11,'2014-08-11',512000,'0000-00-00 00:00:00','0000-00-00 00:00:00','0000-00-00 00:00:00'),(982,12,'2014-08-12',551000,'0000-00-00 00:00:00','0000-00-00 00:00:00','0000-00-00 00:00:00'),(983,13,'2014-08-13',590000,'0000-00-00 00:00:00','0000-00-00 00:00:00','0000-00-00 00:00:00'),(984,14,'2014-08-14',629000,'0000-00-00 00:00:00','0000-00-00 00:00:00','0000-00-00 00:00:00'),(985,15,'2014-08-15',668000,'0000-00-00 00:00:00','0000-00-00 00:00:00','0000-00-00 00:00:00'),(986,16,'2014-08-16',707000,'0000-00-00 00:00:00','0000-00-00 00:00:00','0000-00-00 00:00:00'),(987,17,'2014-08-17',746000,'0000-00-00 00:00:00','0000-00-00 00:00:00','0000-00-00 00:00:00'),(988,18,'2014-08-18',785000,'0000-00-00 00:00:00','0000-00-00 00:00:00','0000-00-00 00:00:00'),(989,19,'2014-08-19',824000,'0000-00-00 00:00:00','0000-00-00 00:00:00','0000-00-00 00:00:00'),(990,1,'2014-08-01',132000,'0000-00-00 00:00:00','0000-00-00 00:00:00','0000-00-00 00:00:00'),(991,20,'2014-07-01',10000,'0000-00-00 00:00:00','0000-00-00 00:00:00','0000-00-00 00:00:00'),(992,21,'2014-07-01',10000,'0000-00-00 00:00:00','0000-00-00 00:00:00','0000-00-00 00:00:00'),(993,22,'2014-07-01',20000,'0000-00-00 00:00:00','0000-00-00 00:00:00','0000-00-00 00:00:00'),(994,23,'2014-07-01',30000,'0000-00-00 00:00:00','0000-00-00 00:00:00','0000-00-00 00:00:00'),(995,24,'2014-07-01',40000,'0000-00-00 00:00:00','0000-00-00 00:00:00','0000-00-00 00:00:00'),(996,25,'2014-07-01',50000,'0000-00-00 00:00:00','0000-00-00 00:00:00','0000-00-00 00:00:00'),(997,26,'2014-07-01',60000,'0000-00-00 00:00:00','0000-00-00 00:00:00','0000-00-00 00:00:00'),(998,27,'2014-07-01',70000,'0000-00-00 00:00:00','0000-00-00 00:00:00','0000-00-00 00:00:00'),(999,28,'2014-07-01',10000,'0000-00-00 00:00:00','0000-00-00 00:00:00','0000-00-00 00:00:00'),(1000,29,'2014-07-01',20000,'0000-00-00 00:00:00','0000-00-00 00:00:00','0000-00-00 00:00:00'),(1001,30,'2014-07-01',30000,'0000-00-00 00:00:00','0000-00-00 00:00:00','0000-00-00 00:00:00'),(1002,31,'2014-07-01',40000,'0000-00-00 00:00:00','0000-00-00 00:00:00','0000-00-00 00:00:00'),(1003,32,'2014-07-01',50000,'0000-00-00 00:00:00','0000-00-00 00:00:00','0000-00-00 00:00:00'),(1004,33,'2014-07-01',60000,'0000-00-00 00:00:00','0000-00-00 00:00:00','0000-00-00 00:00:00'),(1005,34,'2014-07-01',70000,'0000-00-00 00:00:00','0000-00-00 00:00:00','0000-00-00 00:00:00'),(1006,35,'2014-07-01',10000,'0000-00-00 00:00:00','0000-00-00 00:00:00','0000-00-00 00:00:00'),(1007,36,'2014-07-01',20000,'0000-00-00 00:00:00','0000-00-00 00:00:00','0000-00-00 00:00:00'),(1008,37,'2014-07-01',30000,'0000-00-00 00:00:00','0000-00-00 00:00:00','0000-00-00 00:00:00'),(1009,38,'2014-07-01',40000,'0000-00-00 00:00:00','0000-00-00 00:00:00','0000-00-00 00:00:00'),(1010,39,'2014-07-01',50000,'0000-00-00 00:00:00','0000-00-00 00:00:00','0000-00-00 00:00:00'),(1011,40,'2014-07-01',60000,'0000-00-00 00:00:00','0000-00-00 00:00:00','0000-00-00 00:00:00'),(1012,41,'2014-07-01',70000,'0000-00-00 00:00:00','0000-00-00 00:00:00','0000-00-00 00:00:00'),(1013,42,'2014-06-01',9000,'0000-00-00 00:00:00','0000-00-00 00:00:00','0000-00-00 00:00:00'),(1014,43,'2014-06-01',9000,'0000-00-00 00:00:00','0000-00-00 00:00:00','0000-00-00 00:00:00'),(1015,44,'2014-06-01',19000,'0000-00-00 00:00:00','0000-00-00 00:00:00','0000-00-00 00:00:00'),(1016,45,'2014-06-01',29000,'0000-00-00 00:00:00','0000-00-00 00:00:00','0000-00-00 00:00:00'),(1017,46,'2014-06-01',39000,'0000-00-00 00:00:00','0000-00-00 00:00:00','0000-00-00 00:00:00'),(1018,47,'2014-06-01',49000,'0000-00-00 00:00:00','0000-00-00 00:00:00','0000-00-00 00:00:00'),(1019,48,'2014-06-01',59000,'0000-00-00 00:00:00','0000-00-00 00:00:00','0000-00-00 00:00:00'),(1020,49,'2014-06-01',69000,'0000-00-00 00:00:00','0000-00-00 00:00:00','0000-00-00 00:00:00'),(1021,50,'2014-06-01',9000,'0000-00-00 00:00:00','0000-00-00 00:00:00','0000-00-00 00:00:00'),(1022,51,'2014-06-01',19000,'0000-00-00 00:00:00','0000-00-00 00:00:00','0000-00-00 00:00:00'),(1023,52,'2014-06-01',29000,'0000-00-00 00:00:00','0000-00-00 00:00:00','0000-00-00 00:00:00'),(1024,53,'2014-06-01',39000,'0000-00-00 00:00:00','0000-00-00 00:00:00','0000-00-00 00:00:00'),(1025,54,'2014-06-01',49000,'0000-00-00 00:00:00','0000-00-00 00:00:00','0000-00-00 00:00:00'),(1026,55,'2014-06-01',59000,'0000-00-00 00:00:00','0000-00-00 00:00:00','0000-00-00 00:00:00'),(1027,56,'2014-06-01',69000,'0000-00-00 00:00:00','0000-00-00 00:00:00','0000-00-00 00:00:00'),(1028,57,'2014-06-01',9000,'0000-00-00 00:00:00','0000-00-00 00:00:00','0000-00-00 00:00:00'),(1029,58,'2014-06-01',19000,'0000-00-00 00:00:00','0000-00-00 00:00:00','0000-00-00 00:00:00'),(1030,59,'2014-06-01',29000,'0000-00-00 00:00:00','0000-00-00 00:00:00','0000-00-00 00:00:00'),(1031,60,'2014-06-01',39000,'0000-00-00 00:00:00','0000-00-00 00:00:00','0000-00-00 00:00:00'),(1032,61,'2014-06-01',49000,'0000-00-00 00:00:00','0000-00-00 00:00:00','0000-00-00 00:00:00'),(1033,62,'2014-06-01',59000,'0000-00-00 00:00:00','0000-00-00 00:00:00','0000-00-00 00:00:00'),(1034,63,'2014-06-01',69000,'0000-00-00 00:00:00','0000-00-00 00:00:00','0000-00-00 00:00:00'),(1035,64,'2014-05-01',8000,'0000-00-00 00:00:00','0000-00-00 00:00:00','0000-00-00 00:00:00'),(1036,65,'2014-05-01',8000,'0000-00-00 00:00:00','0000-00-00 00:00:00','0000-00-00 00:00:00'),(1037,66,'2014-05-01',18000,'0000-00-00 00:00:00','0000-00-00 00:00:00','0000-00-00 00:00:00'),(1038,67,'2014-05-01',28000,'0000-00-00 00:00:00','0000-00-00 00:00:00','0000-00-00 00:00:00'),(1039,68,'2014-05-01',38000,'0000-00-00 00:00:00','0000-00-00 00:00:00','0000-00-00 00:00:00'),(1040,69,'2014-05-01',48000,'0000-00-00 00:00:00','0000-00-00 00:00:00','0000-00-00 00:00:00'),(1041,70,'2014-05-01',58000,'0000-00-00 00:00:00','0000-00-00 00:00:00','0000-00-00 00:00:00'),(1042,71,'2014-05-01',68000,'0000-00-00 00:00:00','0000-00-00 00:00:00','0000-00-00 00:00:00'),(1043,72,'2014-05-01',8000,'0000-00-00 00:00:00','0000-00-00 00:00:00','0000-00-00 00:00:00'),(1044,73,'2014-05-01',18000,'0000-00-00 00:00:00','0000-00-00 00:00:00','0000-00-00 00:00:00'),(1045,74,'2014-05-01',28000,'0000-00-00 00:00:00','0000-00-00 00:00:00','0000-00-00 00:00:00'),(1046,75,'2014-05-01',38000,'0000-00-00 00:00:00','0000-00-00 00:00:00','0000-00-00 00:00:00'),(1047,76,'2014-05-01',48000,'0000-00-00 00:00:00','0000-00-00 00:00:00','0000-00-00 00:00:00'),(1048,77,'2014-05-01',58000,'0000-00-00 00:00:00','0000-00-00 00:00:00','0000-00-00 00:00:00'),(1049,78,'2014-05-01',68000,'0000-00-00 00:00:00','0000-00-00 00:00:00','0000-00-00 00:00:00'),(1050,79,'2014-05-01',8000,'0000-00-00 00:00:00','0000-00-00 00:00:00','0000-00-00 00:00:00'),(1051,80,'2014-05-01',18000,'0000-00-00 00:00:00','0000-00-00 00:00:00','0000-00-00 00:00:00'),(1052,81,'2014-05-01',28000,'0000-00-00 00:00:00','0000-00-00 00:00:00','0000-00-00 00:00:00'),(1053,82,'2014-05-01',38000,'0000-00-00 00:00:00','0000-00-00 00:00:00','0000-00-00 00:00:00'),(1054,83,'2014-05-01',48000,'0000-00-00 00:00:00','0000-00-00 00:00:00','0000-00-00 00:00:00'),(1055,84,'2014-05-01',58000,'0000-00-00 00:00:00','0000-00-00 00:00:00','0000-00-00 00:00:00'),(1056,85,'2014-05-01',68000,'0000-00-00 00:00:00','0000-00-00 00:00:00','0000-00-00 00:00:00'),(1057,86,'2014-05-01',7000,'0000-00-00 00:00:00','0000-00-00 00:00:00','0000-00-00 00:00:00'),(1058,87,'2014-04-01',7000,'0000-00-00 00:00:00','0000-00-00 00:00:00','0000-00-00 00:00:00'),(1059,88,'2014-04-01',17000,'0000-00-00 00:00:00','0000-00-00 00:00:00','0000-00-00 00:00:00'),(1060,89,'2014-04-01',27000,'0000-00-00 00:00:00','0000-00-00 00:00:00','0000-00-00 00:00:00'),(1061,90,'2014-04-01',37000,'0000-00-00 00:00:00','0000-00-00 00:00:00','0000-00-00 00:00:00'),(1062,91,'2014-04-01',47000,'0000-00-00 00:00:00','0000-00-00 00:00:00','0000-00-00 00:00:00'),(1063,92,'2014-04-01',57000,'0000-00-00 00:00:00','0000-00-00 00:00:00','0000-00-00 00:00:00'),(1064,93,'2014-04-01',67000,'0000-00-00 00:00:00','0000-00-00 00:00:00','0000-00-00 00:00:00'),(1065,94,'2014-04-01',7000,'0000-00-00 00:00:00','0000-00-00 00:00:00','0000-00-00 00:00:00'),(1066,95,'2014-04-01',17000,'0000-00-00 00:00:00','0000-00-00 00:00:00','0000-00-00 00:00:00'),(1067,96,'2014-04-01',27000,'0000-00-00 00:00:00','0000-00-00 00:00:00','0000-00-00 00:00:00'),(1068,97,'2014-04-01',37000,'0000-00-00 00:00:00','0000-00-00 00:00:00','0000-00-00 00:00:00'),(1069,98,'2014-04-01',47000,'0000-00-00 00:00:00','0000-00-00 00:00:00','0000-00-00 00:00:00'),(1070,99,'2014-04-01',57000,'0000-00-00 00:00:00','0000-00-00 00:00:00','0000-00-00 00:00:00'),(1071,100,'2014-04-01',67000,'0000-00-00 00:00:00','0000-00-00 00:00:00','0000-00-00 00:00:00'),(1072,101,'2014-04-01',7000,'0000-00-00 00:00:00','0000-00-00 00:00:00','0000-00-00 00:00:00'),(1073,102,'2014-04-01',17000,'0000-00-00 00:00:00','0000-00-00 00:00:00','0000-00-00 00:00:00'),(1074,103,'2014-04-01',27000,'0000-00-00 00:00:00','0000-00-00 00:00:00','0000-00-00 00:00:00'),(1075,104,'2014-04-01',37000,'0000-00-00 00:00:00','0000-00-00 00:00:00','0000-00-00 00:00:00'),(1076,105,'2014-04-01',47000,'0000-00-00 00:00:00','0000-00-00 00:00:00','0000-00-00 00:00:00'),(1077,106,'2014-04-01',57000,'0000-00-00 00:00:00','0000-00-00 00:00:00','0000-00-00 00:00:00'),(1078,107,'2014-04-01',67000,'0000-00-00 00:00:00','0000-00-00 00:00:00','0000-00-00 00:00:00'),(1079,108,'2014-03-01',6000,'0000-00-00 00:00:00','0000-00-00 00:00:00','0000-00-00 00:00:00'),(1080,109,'2014-03-01',6000,'0000-00-00 00:00:00','0000-00-00 00:00:00','0000-00-00 00:00:00'),(1081,110,'2014-03-01',16000,'0000-00-00 00:00:00','0000-00-00 00:00:00','0000-00-00 00:00:00'),(1082,111,'2014-03-01',26000,'0000-00-00 00:00:00','0000-00-00 00:00:00','0000-00-00 00:00:00'),(1083,112,'2014-03-01',36000,'0000-00-00 00:00:00','0000-00-00 00:00:00','0000-00-00 00:00:00'),(1084,113,'2014-03-01',46000,'0000-00-00 00:00:00','0000-00-00 00:00:00','0000-00-00 00:00:00'),(1085,114,'2014-03-01',56000,'0000-00-00 00:00:00','0000-00-00 00:00:00','0000-00-00 00:00:00'),(1086,115,'2014-03-01',66000,'0000-00-00 00:00:00','0000-00-00 00:00:00','0000-00-00 00:00:00'),(1087,116,'2014-03-01',6000,'0000-00-00 00:00:00','0000-00-00 00:00:00','0000-00-00 00:00:00'),(1088,117,'2014-03-01',16000,'0000-00-00 00:00:00','0000-00-00 00:00:00','0000-00-00 00:00:00'),(1089,118,'2014-03-01',26000,'0000-00-00 00:00:00','0000-00-00 00:00:00','0000-00-00 00:00:00'),(1090,119,'2014-03-01',36000,'0000-00-00 00:00:00','0000-00-00 00:00:00','0000-00-00 00:00:00'),(1091,120,'2014-03-01',46000,'0000-00-00 00:00:00','0000-00-00 00:00:00','0000-00-00 00:00:00'),(1092,121,'2014-03-01',56000,'0000-00-00 00:00:00','0000-00-00 00:00:00','0000-00-00 00:00:00'),(1093,122,'2014-03-01',66000,'0000-00-00 00:00:00','0000-00-00 00:00:00','0000-00-00 00:00:00'),(1094,123,'2014-03-01',6000,'0000-00-00 00:00:00','0000-00-00 00:00:00','0000-00-00 00:00:00'),(1095,124,'2014-03-01',16000,'0000-00-00 00:00:00','0000-00-00 00:00:00','0000-00-00 00:00:00'),(1096,125,'2014-03-01',26000,'0000-00-00 00:00:00','0000-00-00 00:00:00','0000-00-00 00:00:00'),(1097,126,'2014-03-01',36000,'0000-00-00 00:00:00','0000-00-00 00:00:00','0000-00-00 00:00:00'),(1098,127,'2014-03-01',46000,'0000-00-00 00:00:00','0000-00-00 00:00:00','0000-00-00 00:00:00'),(1099,128,'2014-03-01',56000,'0000-00-00 00:00:00','0000-00-00 00:00:00','0000-00-00 00:00:00'),(1100,129,'2014-03-01',66000,'0000-00-00 00:00:00','0000-00-00 00:00:00','0000-00-00 00:00:00'),(1101,130,'2014-02-01',5000,'0000-00-00 00:00:00','0000-00-00 00:00:00','0000-00-00 00:00:00'),(1102,131,'2014-02-01',5000,'0000-00-00 00:00:00','0000-00-00 00:00:00','0000-00-00 00:00:00'),(1103,132,'2014-02-01',15000,'0000-00-00 00:00:00','0000-00-00 00:00:00','0000-00-00 00:00:00'),(1104,133,'2014-02-01',25000,'0000-00-00 00:00:00','0000-00-00 00:00:00','0000-00-00 00:00:00'),(1105,134,'2014-02-01',35000,'0000-00-00 00:00:00','0000-00-00 00:00:00','0000-00-00 00:00:00'),(1106,135,'2014-02-01',45000,'0000-00-00 00:00:00','0000-00-00 00:00:00','0000-00-00 00:00:00'),(1107,136,'2014-02-01',55000,'0000-00-00 00:00:00','0000-00-00 00:00:00','0000-00-00 00:00:00'),(1108,137,'2014-02-01',65000,'0000-00-00 00:00:00','0000-00-00 00:00:00','0000-00-00 00:00:00'),(1109,138,'2014-02-01',5000,'0000-00-00 00:00:00','0000-00-00 00:00:00','0000-00-00 00:00:00'),(1110,139,'2014-02-01',15000,'0000-00-00 00:00:00','0000-00-00 00:00:00','0000-00-00 00:00:00'),(1111,140,'2014-02-01',25000,'0000-00-00 00:00:00','0000-00-00 00:00:00','0000-00-00 00:00:00'),(1112,141,'2014-02-01',35000,'0000-00-00 00:00:00','0000-00-00 00:00:00','0000-00-00 00:00:00'),(1113,142,'2014-02-01',45000,'0000-00-00 00:00:00','0000-00-00 00:00:00','0000-00-00 00:00:00'),(1114,143,'2014-02-01',55000,'0000-00-00 00:00:00','0000-00-00 00:00:00','0000-00-00 00:00:00'),(1115,144,'2014-02-01',65000,'0000-00-00 00:00:00','0000-00-00 00:00:00','0000-00-00 00:00:00'),(1116,145,'2014-02-01',5000,'0000-00-00 00:00:00','0000-00-00 00:00:00','0000-00-00 00:00:00'),(1117,146,'2014-02-01',15000,'0000-00-00 00:00:00','0000-00-00 00:00:00','0000-00-00 00:00:00'),(1118,147,'2014-02-01',25000,'0000-00-00 00:00:00','0000-00-00 00:00:00','0000-00-00 00:00:00'),(1119,148,'2014-02-01',35000,'0000-00-00 00:00:00','0000-00-00 00:00:00','0000-00-00 00:00:00'),(1120,149,'2014-02-01',45000,'0000-00-00 00:00:00','0000-00-00 00:00:00','0000-00-00 00:00:00'),(1121,150,'2014-02-01',55000,'0000-00-00 00:00:00','0000-00-00 00:00:00','0000-00-00 00:00:00'),(1122,151,'2014-02-01',65000,'0000-00-00 00:00:00','0000-00-00 00:00:00','0000-00-00 00:00:00'),(1123,1,'2014-09-01',5000,'0000-00-00 00:00:00','0000-00-00 00:00:00','0000-00-00 00:00:00');
/*!40000 ALTER TABLE `total` ENABLE KEYS */;
UNLOCK TABLES;

--
-- Dumping events for database 'vtrdata'
--

--
-- Dumping routines for database 'vtrdata'
--
/*!50003 DROP FUNCTION IF EXISTS `clienteRespondioPregunta` */;
/*!50003 SET @saved_cs_client      = @@character_set_client */ ;
/*!50003 SET @saved_cs_results     = @@character_set_results */ ;
/*!50003 SET @saved_col_connection = @@collation_connection */ ;
/*!50003 SET character_set_client  = latin1 */ ;
/*!50003 SET character_set_results = latin1 */ ;
/*!50003 SET collation_connection  = latin1_swedish_ci */ ;
/*!50003 SET @saved_sql_mode       = @@sql_mode */ ;
/*!50003 SET sql_mode              = 'STRICT_TRANS_TABLES,NO_AUTO_CREATE_USER,NO_ENGINE_SUBSTITUTION' */ ;
DELIMITER ;;
CREATE DEFINER=`test`@`%` FUNCTION `clienteRespondioPregunta`(
 idCliente INT,
 idPregunta INT
 ) RETURNS tinyint(1)
BEGIN
 DECLARE done INT DEFAULT 0;
 DECLARE contador INT DEFAULT 0;
 DECLARE idPreg INT;
 DECLARE cur CURSOR FOR 
 SELECT p.id
 FROM cliente_preguntas cp,
 preguntas p,
 pregunta_respuesta pr
 WHERE
 p.id = pr.id_pregunta AND
 cp.id_pregunta_respuesta = pr.id AND
 cp.id_cliente = idCliente AND
 p.id = idPregunta;
 DECLARE CONTINUE HANDLER FOR SQLSTATE '02000' SET done = true;
 OPEN cur;
 REPEAT
 FETCH cur INTO idPreg;
 IF NOT done THEN 
 SET contador=contador+1;
 END IF;
 UNTIL done END REPEAT;
 CLOSE cur;
 IF contador > 0 THEN
 RETURN true;
 ELSE
 RETURN false;
 END IF;
END ;;
DELIMITER ;
/*!50003 SET sql_mode              = @saved_sql_mode */ ;
/*!50003 SET character_set_client  = @saved_cs_client */ ;
/*!50003 SET character_set_results = @saved_cs_results */ ;
/*!50003 SET collation_connection  = @saved_col_connection */ ;
/*!50003 DROP FUNCTION IF EXISTS `return_pregunta` */;
/*!50003 SET @saved_cs_client      = @@character_set_client */ ;
/*!50003 SET @saved_cs_results     = @@character_set_results */ ;
/*!50003 SET @saved_col_connection = @@collation_connection */ ;
/*!50003 SET character_set_client  = latin1 */ ;
/*!50003 SET character_set_results = latin1 */ ;
/*!50003 SET collation_connection  = latin1_swedish_ci */ ;
/*!50003 SET @saved_sql_mode       = @@sql_mode */ ;
/*!50003 SET sql_mode              = 'STRICT_TRANS_TABLES,NO_AUTO_CREATE_USER,NO_ENGINE_SUBSTITUTION' */ ;
DELIMITER ;;
CREATE DEFINER=`test`@`%` FUNCTION `return_pregunta`(
 id_preg_resp INT
 ) RETURNS int(11)
BEGIN
 DECLARE id_pregunta INT;
 SELECT pr.id_pregunta INTO id_pregunta FROM pregunta_respuesta pr 
 WHERE pr.id = id_preg_resp;
 RETURN (id_pregunta);
END ;;
DELIMITER ;
/*!50003 SET sql_mode              = @saved_sql_mode */ ;
/*!50003 SET character_set_client  = @saved_cs_client */ ;
/*!50003 SET character_set_results = @saved_cs_results */ ;
/*!50003 SET collation_connection  = @saved_col_connection */ ;
/*!40103 SET TIME_ZONE=@OLD_TIME_ZONE */;

/*!40101 SET SQL_MODE=@OLD_SQL_MODE */;
/*!40014 SET FOREIGN_KEY_CHECKS=@OLD_FOREIGN_KEY_CHECKS */;
/*!40014 SET UNIQUE_CHECKS=@OLD_UNIQUE_CHECKS */;
/*!40101 SET CHARACTER_SET_CLIENT=@OLD_CHARACTER_SET_CLIENT */;
/*!40101 SET CHARACTER_SET_RESULTS=@OLD_CHARACTER_SET_RESULTS */;
/*!40101 SET COLLATION_CONNECTION=@OLD_COLLATION_CONNECTION */;
/*!40111 SET SQL_NOTES=@OLD_SQL_NOTES */;

-- Dump completed on 2014-08-19 18:20:27
